-- phpMyAdmin SQL Dump
-- version 3.5.2.2
-- http://www.phpmyadmin.net
--
-- Host: 127.0.0.1
-- Generation Time: Dec 10, 2014 at 11:13 AM
-- Server version: 5.5.27
-- PHP Version: 5.4.7

SET SQL_MODE="NO_AUTO_VALUE_ON_ZERO";
SET time_zone = "+00:00";


/*!40101 SET @OLD_CHARACTER_SET_CLIENT=@@CHARACTER_SET_CLIENT */;
/*!40101 SET @OLD_CHARACTER_SET_RESULTS=@@CHARACTER_SET_RESULTS */;
/*!40101 SET @OLD_COLLATION_CONNECTION=@@COLLATION_CONNECTION */;
/*!40101 SET NAMES utf8 */;

--
-- Database: `mjbcdb`
--
CREATE DATABASE `mjbcdb` DEFAULT CHARACTER SET utf8 COLLATE utf8_general_ci;
USE `mjbcdb`;

-- --------------------------------------------------------

--
-- Table structure for table `about_us`
--

CREATE TABLE IF NOT EXISTS `about_us` (
  `id` int(11) NOT NULL AUTO_INCREMENT,
  `name` varchar(255) NOT NULL,
  `name_mm` varchar(255) NOT NULL,
  `name_jp` varchar(255) NOT NULL,
  `description` mediumtext NOT NULL,
  `description_mm` mediumtext NOT NULL,
  `description_jp` mediumtext NOT NULL,
  PRIMARY KEY (`id`)
) ENGINE=InnoDB  DEFAULT CHARSET=utf8 AUTO_INCREMENT=10 ;

--
-- Dumping data for table `about_us`
--

INSERT INTO `about_us` (`id`, `name`, `name_mm`, `name_jp`, `description`, `description_mm`, `description_jp`) VALUES
(3, 'Corporate Philosophy', 'Corporate Philosophy', '企業理念', '<p><b>Presence for our purposes (Our Mission)</b><br />\r\nfor the realization of the dream of the client all (Our Vision) figure which we aim 　we, in order to support the implementation process of the dream of Myanmar companies 　provide consulting services valuable will continue to.</p>\r\n', '<p><b>Presence for our purposes (Our Mission)</b><br />\r\nfor the realization of the dream of the client all (Our Vision) figure which we aim 　we, in order to support the implementation process of the dream of Myanmar companies 　provide consulting services valuable will continue to.</p>\r\n', '<p style="box-sizing: border-box; margin: 0px 0px 0.4rem; padding: 0px; direction: ltr; font-family: ''Glober SemiBold Free''; font-weight: normal; font-size: 14px; line-height: 1.2rem; text-rendering: optimizelegibility; letter-spacing: 0.05rem; color: rgb(68, 68, 68); font-style: normal; font-variant: normal; orphans: auto; text-align: start; text-indent: 0px; text-transform: none; white-space: normal; widows: auto; word-spacing: 0px; -webkit-text-stroke-width: 0px; background-color: rgb(255, 255, 255);"><b style="box-sizing: border-box; font-weight: bold; line-height: inherit; font-size: 13px;"><font style="box-sizing: border-box;"><font style="box-sizing: border-box;">私たちの目的のためのプレゼンス（使命）</font></font></b><br style="box-sizing: border-box;" />\r\n<font style="box-sizing: border-box;"><font style="box-sizing: border-box;">ミャンマー会社の夢の実現プロセスをサポートするために、クライアントの夢の実現のために私たちは私たちの目指すすべて（ビジョン）の図は、貴重なコンサルティングサービスを提供していきます。</font></font></p>\r\n'),
(5, 'Company Profile', 'Company Profile', '会社概要', '<p><strong>Company name:</strong> MJBC Co., Ltd.<br />\r\n<b>Established:</b> May 2014<br />\r\n<b>Location:</b>Yangon<br />\r\n<b>Capital:</b> 160,000 US dollar and human resource development consulting business: &middot; business : management,<br />\r\n<b>President</b> Mr. Masafumi Nakayama 　<br />\r\n<b>Representative Executive Vice President</b> Mr. Kyaw Hlaing 　Kyaw Myint<br />\r\n<b>Director</b> Mr. Zaw Myint Thant,Ms. Winnie Khine ,Myo Myint Oo<br />\r\n<b>Executive Advisor</b> Mr. Toshio Mitsutomi, Ms. Miki Hattori　</p>\r\n', '<p>ကုမၸဏီ အမည္<strong>:</strong> MJBC Co., Ltd.<br />\r\nတည္ေထာင္သည့္ႏွစ္<b>:</b> May 2014<br />\r\nတည္ေနရာ<b>:</b>Yangon<br />\r\n<b>Capital:</b> 160,000 US dollar and human resource development consulting business: &middot; business : management,<br />\r\nဥကၠဌ Mr. Masafumi Nakayama 　<br />\r\nအမႈေဆာင္ကုိယ္စားလွယ္ ဒုဥကၠဌ Mr. Kyaw Hlaing 　Kyaw Myint<br />\r\nဒါရုိက္တာ Mr. Zaw Myint Thant,Ms. Winnie Khine ,Myo Myint Oo<br />\r\nအၾကံေပးအရာရွိ Mr. Toshio Mitsutomi, Ms. Miki Hattori　</p>\r\n', '<p><strong style="box-sizing: border-box; font-weight: bold; line-height: 19.2000007629395px; font-size: 13px; color: rgb(68, 68, 68); font-family: ''Glober SemiBold Free''; font-style: normal; font-variant: normal; letter-spacing: 0.800000011920929px; orphans: auto; text-align: start; text-indent: 0px; text-transform: none; white-space: normal; widows: auto; word-spacing: 0px; -webkit-text-stroke-width: 0px; background-color: rgb(255, 255, 255);"><font style="box-sizing: border-box;"><font style="box-sizing: border-box;">会社名：</font></font></strong><font style="box-sizing: border-box; color: rgb(68, 68, 68); font-family: ''Glober SemiBold Free''; font-size: 14px; font-style: normal; font-variant: normal; font-weight: normal; letter-spacing: 0.800000011920929px; line-height: 19.2000007629395px; orphans: auto; text-align: start; text-indent: 0px; text-transform: none; white-space: normal; widows: auto; word-spacing: 0px; -webkit-text-stroke-width: 0px; background-color: rgb(255, 255, 255);"><font style="box-sizing: border-box;"> MJBC株式会社</font><b style="box-sizing: border-box; font-weight: bold; line-height: inherit; font-size: 13px;"><font style="box-sizing: border-box;">設立：</font></b><font style="box-sizing: border-box;"> 2014年5月</font><b style="box-sizing: border-box; font-weight: bold; line-height: inherit; font-size: 13px;"><font style="box-sizing: border-box;">場所：</font></b><font style="box-sizing: border-box;">ヤンゴン</font><b style="box-sizing: border-box; font-weight: bold; line-height: inherit; font-size: 13px;"><font style="box-sizing: border-box;">資本金：</font></b><font style="box-sizing: border-box;"> 16万米ドル及び人材育成コンサルティング事業：&middot;事業内容：経営、</font><b style="box-sizing: border-box; font-weight: bold; line-height: inherit; font-size: 13px;"><font style="box-sizing: border-box;">社長</font></b><font style="box-sizing: border-box;">さん </font><font style="box-sizing: border-box;">雅文中山 　</font><b style="box-sizing: border-box; font-weight: bold; line-height: inherit; font-size: 13px;"><font style="box-sizing: border-box;">代表取締役副社長</font></b><font style="box-sizing: border-box;">氏 </font><font style="box-sizing: border-box;">チョーHlaingチョーミン</font><b style="box-sizing: border-box; font-weight: bold; line-height: inherit; font-size: 13px;"><font style="box-sizing: border-box;">ディレクター</font></b><font style="box-sizing: border-box;">氏 </font><font style="box-sizing: border-box;">ザウミン&middot;タント、さん。</font><font style="box-sizing: border-box;">ウィニーKhine、ミョーミンあぁ</font><b style="box-sizing: border-box; font-weight: bold; line-height: inherit; font-size: 13px;"><font style="box-sizing: border-box;">相談役</font></b><font style="box-sizing: border-box;">氏 </font><font style="box-sizing: border-box;">俊夫Mitsutomiさん三木服部</font></font></p>\r\n'),
(9, 'Message from the Management Team', 'Message from the Management Team', '経営陣からのメッセージ', '<p>We will support the realization of the dream process of the company.</p>\r\n\r\n<p>Now, Myanmar has entered an era of dramatic economic change. This change, companies are faced with a variety of problems to be solved with an increase in competition. We, I want to be a professional company to contribute to the success of Myanmar companies. Main Our goal is the advancement of client companies. It does not is that it of performing advice to clients simply.<br />\r\nIt is to help realistically the customers in that it transferred to practice the management theory necessary for business development, and progress. We believe &quot;company that successfully meet the market needs, and progress has been made ​​has put in the hands of their own achievements that market share and profits,&quot; he said. Our mission is to lead to success in the business of corporate customers through a service such as our. We will provide the available training services and consulting services to clients to think I want to make the customer, and want to improve the productivity of the various businesses.</p>\r\n', '<p>MJBC သည္ သင့္ကုမၸဏီဧ။္ လုပ္ငန္းအၾကံအစည္မ်ားကုိ လက္ေတြ႕ အေကာင္အထည္ေပၚေအာင္ကူညီေဆာင္ရြက္ေပးေနပါသည္။</p>\r\n\r\n<p>Now, Myanmar has entered an era of dramatic economic change. This change, companies are faced with a variety of problems to be solved with an increase in competition. We, I want to be a professional company to contribute to the success of Myanmar companies. Main Our goal is the advancement of client companies. It does not is that it of performing advice to clients simply.<br />\r\nIt is to help realistically the customers in that it transferred to practice the management theory necessary for business development, and progress. We believe &quot;company that successfully meet the market needs, and progress has been made ​​has put in the hands of their own achievements that market share and profits,&quot; he said. Our mission is to lead to success in the business of corporate customers through a service such as our. We will provide the available training services and consulting services to clients to think I want to make the customer, and want to improve the productivity of the various businesses.</p>\r\n', '<p style="box-sizing: border-box; margin: 0px 0px 0.4rem; padding: 0px; direction: ltr; font-family: ''Glober SemiBold Free''; font-weight: normal; font-size: 14px; line-height: 1.2rem; text-rendering: optimizelegibility; letter-spacing: 0.05rem; color: rgb(68, 68, 68); font-style: normal; font-variant: normal; orphans: auto; text-align: start; text-indent: 0px; text-transform: none; white-space: normal; widows: auto; word-spacing: 0px; -webkit-text-stroke-width: 0px; background-color: rgb(255, 255, 255);"><font style="box-sizing: border-box;"><font style="box-sizing: border-box;">私たちは、会社の夢のプロセスの実現をサポートします。</font></font></p>\r\n\r\n<p style="box-sizing: border-box; margin: 0px 0px 0.4rem; padding: 0px; direction: ltr; font-family: ''Glober SemiBold Free''; font-weight: normal; font-size: 14px; line-height: 1.2rem; text-rendering: optimizelegibility; letter-spacing: 0.05rem; color: rgb(68, 68, 68); font-style: normal; font-variant: normal; orphans: auto; text-align: start; text-indent: 0px; text-transform: none; white-space: normal; widows: auto; word-spacing: 0px; -webkit-text-stroke-width: 0px; background-color: rgb(255, 255, 255);"><font style="box-sizing: border-box;"><font style="box-sizing: border-box;">さて、ミャンマーは劇的な経済的変化の時代に突入してきた。</font><font style="box-sizing: border-box;">この変更は、企業が競争の増加に伴って、解決すべきさまざまな問題に直面している。</font><font style="box-sizing: border-box;">私たちは、私がミャンマー会社の成功に貢献する専門の会社になりたい。</font><font style="box-sizing: border-box;">メイン私たちの目標は、顧客企業の発展である。</font><font style="box-sizing: border-box;">これは、クライアントに助言を行うこと、それが単に。ということではありません</font></font><br style="box-sizing: border-box;" />\r\n<font style="box-sizing: border-box;"><font style="box-sizing: border-box;">、それはビジネスの開発、進歩のために必要な経営理論を実践に移すことで、お客様に現実的に支援することです。</font><font style="box-sizing: border-box;">私たちは信じている」に成功し、市場のニーズを満たす会社を、そして進歩が市場シェアと利益という自らの成果を手に入れている行われている&quot;と彼は言った。</font><font style="box-sizing: border-box;">私たちの使命は、私たちのようなサービスを通じて顧客企業のビジネスの成功につながることがある。</font><font style="box-sizing: border-box;">当社は、利用可能なトレーニングサービスを提供し、私は顧客を作りたいと思うようにクライアントにコンサルティングサービス、各種ビジネスの生産性を向上させることになるでしょう。</font></font></p>\r\n');

-- --------------------------------------------------------

--
-- Table structure for table `about_us_images`
--

CREATE TABLE IF NOT EXISTS `about_us_images` (
  `id` int(11) NOT NULL AUTO_INCREMENT,
  `about_us_id` int(11) NOT NULL,
  `image` varchar(200) NOT NULL,
  PRIMARY KEY (`id`)
) ENGINE=InnoDB  DEFAULT CHARSET=utf8 AUTO_INCREMENT=43 ;

--
-- Dumping data for table `about_us_images`
--

INSERT INTO `about_us_images` (`id`, `about_us_id`, `image`) VALUES
(32, 3, 'download (1).jpg'),
(33, 3, 'download (3).jpg'),
(34, 9, 'meet (2).jpg'),
(35, 9, 'mr1 (1).jpg'),
(36, 9, 'CgQI0lPzI2KADAyEAABu_HIxyH032800.jpg'),
(41, 5, 'images.jpg'),
(42, 5, 'images (4).jpg');

-- --------------------------------------------------------

--
-- Table structure for table `banner`
--

CREATE TABLE IF NOT EXISTS `banner` (
  `id` int(11) NOT NULL AUTO_INCREMENT,
  `image` varchar(255) NOT NULL,
  `category` varchar(255) NOT NULL,
  `title` varchar(255) NOT NULL,
  `title_mm` varchar(255) NOT NULL,
  `title_jp` varchar(255) NOT NULL,
  PRIMARY KEY (`id`)
) ENGINE=InnoDB  DEFAULT CHARSET=utf8 AUTO_INCREMENT=6 ;

--
-- Dumping data for table `banner`
--

INSERT INTO `banner` (`id`, `image`, `category`, `title`, `title_mm`, `title_jp`) VALUES
(2, 'banner_image1.jpg', 'Seminar', 'Criminal law was enacted by English Goverment in 1861 after the independence of Myanmar.', 'MJBC သည္ ေဆြးေႏြးပြဲ ၁၀၀ က်င္းပခဲ့ျပီး မွတ္ပုံတင္သူ ၆၀၀၀ ေက်ာ္ရွိပါသည္။', '刑法は、1948年のミャンマーの独立後1861年にイギリスの電子政府により制定された。'),
(4, 'banner_image3.jpg', 'Consultancy', 'You will learn the basics to work as a team member, and will be able to carry out them', 'သင္ အဖြဲ႕ဝင္တစ္ေယာက္ဧ။္ အေျခခံလုပ္ငန္းေဆာင္ရြက္မႈမ်ားကုိေလ့လာျပီး လုပ္ငန္းမ်ားကုိ ကြ်မ္းက်င္စြာ ေဆာင္ရြက္ႏုိင္ပါမည္။', 'You will learn the basics to work as a team member, and will be able to carry out them'),
(5, 'coca_cola.jpg', 'Seminar', 'ttt', 'ေေေ', '2www');

-- --------------------------------------------------------

--
-- Table structure for table `consultancy`
--

CREATE TABLE IF NOT EXISTS `consultancy` (
  `id` int(11) NOT NULL AUTO_INCREMENT,
  `name` varchar(255) NOT NULL,
  `name_mm` varchar(255) NOT NULL,
  `name_jp` varchar(255) NOT NULL,
  `description` mediumtext NOT NULL,
  `description_mm` mediumtext NOT NULL,
  `description_jp` mediumtext NOT NULL,
  `download_file` varchar(255) NOT NULL,
  `image` varchar(200) NOT NULL,
  PRIMARY KEY (`id`)
) ENGINE=InnoDB  DEFAULT CHARSET=utf8 AUTO_INCREMENT=15 ;

--
-- Dumping data for table `consultancy`
--

INSERT INTO `consultancy` (`id`, `name`, `name_mm`, `name_jp`, `description`, `description_mm`, `description_jp`, `download_file`, `image`) VALUES
(2, 'Marketing Management  \n', 'New Consultancy', 'New Consultancy', '<p>Consultancy Description</p>\r\n', '<p>Consultancy Description</p>\r\n', '<p>Consultancy Description</p>\r\n', '11.11.13 to 17.11.13 J''SQ_1.pdf', 'images (2).jpg'),
(3, 'Quality Management\n', 'Second Consultancy', 'Second Consultancy', '<p>Second Consultancy Description.</p>\r\n', '<p>Second Consultancy Description.</p>\r\n', '<p>Second Consultancy Description.</p>\r\n', 'Building Android Applications that Use Web APIs.pdf', 'images (4).jpg'),
(14, 'Environment Management', 'Environment Management', ' 環境管理', '<p>1. Recognize the basics of &ldquo;Monozukuri&rdquo; and the roles of manager</p>\r\n\r\n<p>　・Ideal image of &ldquo;Monozukuri&rdquo; and the basics of &ldquo;Monozukuri&rdquo; management</p>\r\n\r\n<p>　・What is a management?</p>\r\n\r\n<p>　・Roles and responsibilities of manager</p>\r\n\r\n<p>2. Make&nbsp; good products by daily management and customers&rsquo; viewpoint</p>\r\n\r\n<p>　・Practical guidance of customers&rsquo; viewpoint</p>\r\n\r\n<p>　・Practical guidance of daily management</p>\r\n\r\n<p>　・Practical guidance of QCD-functional management</p>\r\n\r\n<p>3. Deploy management by policy in s steady manner</p>\r\n\r\n<p>　・What is a management by policy</p>\r\n\r\n<p>　・5 deployment processes of management by policy for department managers</p>\r\n\r\n<p>4. Sharing the corporate philosophy, and taking a leadership</p>\r\n\r\n<p>　・Understand the corporate philosophy, and share it</p>\r\n\r\n<p>　・Taking a leadership</p>\r\n\r\n<p>5. Make a good relationship of people and organization</p>\r\n\r\n<p>　・Moral management of the workplace</p>\r\n\r\n<p>　・Make an organization of good communication</p>\r\n\r\n<p>　・Make a company that feel job satisfaction(motivation)</p>\r\n\r\n<p>6. Develop the subordinates&rsquo; ability in a planned manner</p>\r\n\r\n<p>　・Achievements of job, and human resources development</p>\r\n\r\n<p>　・PDCA of subordinates&rsquo; development</p>\r\n\r\n<p>　・Make a training plan</p>\r\n', '<p>1. Recognize the basics of &ldquo;Monozukuri&rdquo; and the roles of manager</p>\r\n\r\n<p>　・Ideal image of &ldquo;Monozukuri&rdquo; and the basics of &ldquo;Monozukuri&rdquo; management</p>\r\n\r\n<p>　・What is a management?</p>\r\n\r\n<p>　・Roles and responsibilities of manager</p>\r\n\r\n<p>2. Make&nbsp; good products by daily management and customers&rsquo; viewpoint</p>\r\n\r\n<p>　・Practical guidance of customers&rsquo; viewpoint</p>\r\n\r\n<p>　・Practical guidance of daily management</p>\r\n\r\n<p>　・Practical guidance of QCD-functional management</p>\r\n\r\n<p>3. Deploy management by policy in s steady manner</p>\r\n\r\n<p>　・What is a management by policy</p>\r\n\r\n<p>　・5 deployment processes of management by policy for department managers</p>\r\n\r\n<p>4. Sharing the corporate philosophy, and taking a leadership</p>\r\n\r\n<p>　・Understand the corporate philosophy, and share it</p>\r\n\r\n<p>　・Taking a leadership</p>\r\n\r\n<p>5. Make a good relationship of people and organization</p>\r\n\r\n<p>　・Moral management of the workplace</p>\r\n\r\n<p>　・Make an organization of good communication</p>\r\n\r\n<p>　・Make a company that feel job satisfaction(motivation)</p>\r\n\r\n<p>6. Develop the subordinates&rsquo; ability in a planned manner</p>\r\n\r\n<p>　・Achievements of job, and human resources development</p>\r\n\r\n<p>　・PDCA of subordinates&rsquo; development</p>\r\n\r\n<p>　・Make a training plan</p>\r\n', '<p style="box-sizing: border-box; margin: 0px 0px 0.4rem; padding: 0px; direction: ltr; font-family: ''Glober SemiBold Free'', Arial, sans-serif; font-weight: normal; font-size: 14px; line-height: 1.2rem; text-rendering: optimizelegibility; letter-spacing: 0.05rem; color: rgb(68, 68, 68); font-style: normal; font-variant: normal; orphans: auto; text-align: start; text-indent: 0px; text-transform: none; white-space: normal; widows: auto; word-spacing: 0px; -webkit-text-stroke-width: 0px; background-color: rgb(238, 238, 238);"><font style="box-sizing: border-box;"><font style="box-sizing: border-box;">1。「ものづくり」の基本とマネージャーの役​​割を認識</font></font></p>\r\n\r\n<p style="box-sizing: border-box; margin: 0px 0px 0.4rem; padding: 0px; direction: ltr; font-family: ''Glober SemiBold Free'', Arial, sans-serif; font-weight: normal; font-size: 14px; line-height: 1.2rem; text-rendering: optimizelegibility; letter-spacing: 0.05rem; color: rgb(68, 68, 68); font-style: normal; font-variant: normal; orphans: auto; text-align: start; text-indent: 0px; text-transform: none; white-space: normal; widows: auto; word-spacing: 0px; -webkit-text-stroke-width: 0px; background-color: rgb(238, 238, 238);"><font style="box-sizing: border-box;"><font style="box-sizing: border-box;">　&middot;理想の「ものづくり」のイメージと「ものづくり」経営の基本</font></font></p>\r\n\r\n<p style="box-sizing: border-box; margin: 0px 0px 0.4rem; padding: 0px; direction: ltr; font-family: ''Glober SemiBold Free'', Arial, sans-serif; font-weight: normal; font-size: 14px; line-height: 1.2rem; text-rendering: optimizelegibility; letter-spacing: 0.05rem; color: rgb(68, 68, 68); font-style: normal; font-variant: normal; orphans: auto; text-align: start; text-indent: 0px; text-transform: none; white-space: normal; widows: auto; word-spacing: 0px; -webkit-text-stroke-width: 0px; background-color: rgb(238, 238, 238);"><font style="box-sizing: border-box;"><font style="box-sizing: border-box;">　&middot;管理とは何ですか？</font></font></p>\r\n\r\n<p style="box-sizing: border-box; margin: 0px 0px 0.4rem; padding: 0px; direction: ltr; font-family: ''Glober SemiBold Free'', Arial, sans-serif; font-weight: normal; font-size: 14px; line-height: 1.2rem; text-rendering: optimizelegibility; letter-spacing: 0.05rem; color: rgb(68, 68, 68); font-style: normal; font-variant: normal; orphans: auto; text-align: start; text-indent: 0px; text-transform: none; white-space: normal; widows: auto; word-spacing: 0px; -webkit-text-stroke-width: 0px; background-color: rgb(238, 238, 238);"><font style="box-sizing: border-box;"><font style="box-sizing: border-box;">　&middot;役割と管理者の責任</font></font></p>\r\n\r\n<p style="box-sizing: border-box; margin: 0px 0px 0.4rem; padding: 0px; direction: ltr; font-family: ''Glober SemiBold Free'', Arial, sans-serif; font-weight: normal; font-size: 14px; line-height: 1.2rem; text-rendering: optimizelegibility; letter-spacing: 0.05rem; color: rgb(68, 68, 68); font-style: normal; font-variant: normal; orphans: auto; text-align: start; text-indent: 0px; text-transform: none; white-space: normal; widows: auto; word-spacing: 0px; -webkit-text-stroke-width: 0px; background-color: rgb(238, 238, 238);"><font style="box-sizing: border-box;"><font style="box-sizing: border-box;">2日常の管理や顧客の視点により良い製品を作る</font></font></p>\r\n\r\n<p style="box-sizing: border-box; margin: 0px 0px 0.4rem; padding: 0px; direction: ltr; font-family: ''Glober SemiBold Free'', Arial, sans-serif; font-weight: normal; font-size: 14px; line-height: 1.2rem; text-rendering: optimizelegibility; letter-spacing: 0.05rem; color: rgb(68, 68, 68); font-style: normal; font-variant: normal; orphans: auto; text-align: start; text-indent: 0px; text-transform: none; white-space: normal; widows: auto; word-spacing: 0px; -webkit-text-stroke-width: 0px; background-color: rgb(238, 238, 238);"><font style="box-sizing: border-box;"><font style="box-sizing: border-box;">　&middot;顧客の視点の実践的指導</font></font></p>\r\n\r\n<p style="box-sizing: border-box; margin: 0px 0px 0.4rem; padding: 0px; direction: ltr; font-family: ''Glober SemiBold Free'', Arial, sans-serif; font-weight: normal; font-size: 14px; line-height: 1.2rem; text-rendering: optimizelegibility; letter-spacing: 0.05rem; color: rgb(68, 68, 68); font-style: normal; font-variant: normal; orphans: auto; text-align: start; text-indent: 0px; text-transform: none; white-space: normal; widows: auto; word-spacing: 0px; -webkit-text-stroke-width: 0px; background-color: rgb(238, 238, 238);"><font style="box-sizing: border-box;"><font style="box-sizing: border-box;">　&middot;日常管理の実践的指導</font></font></p>\r\n\r\n<p style="box-sizing: border-box; margin: 0px 0px 0.4rem; padding: 0px; direction: ltr; font-family: ''Glober SemiBold Free'', Arial, sans-serif; font-weight: normal; font-size: 14px; line-height: 1.2rem; text-rendering: optimizelegibility; letter-spacing: 0.05rem; color: rgb(68, 68, 68); font-style: normal; font-variant: normal; orphans: auto; text-align: start; text-indent: 0px; text-transform: none; white-space: normal; widows: auto; word-spacing: 0px; -webkit-text-stroke-width: 0px; background-color: rgb(238, 238, 238);"><font style="box-sizing: border-box;"><font style="box-sizing: border-box;">　&middot;QCD機能管理の実践的指導</font></font></p>\r\n\r\n<p style="box-sizing: border-box; margin: 0px 0px 0.4rem; padding: 0px; direction: ltr; font-family: ''Glober SemiBold Free'', Arial, sans-serif; font-weight: normal; font-size: 14px; line-height: 1.2rem; text-rendering: optimizelegibility; letter-spacing: 0.05rem; color: rgb(68, 68, 68); font-style: normal; font-variant: normal; orphans: auto; text-align: start; text-indent: 0px; text-transform: none; white-space: normal; widows: auto; word-spacing: 0px; -webkit-text-stroke-width: 0px; background-color: rgb(238, 238, 238);"><font style="box-sizing: border-box;"><font style="box-sizing: border-box;">sの安定した方法で、ポリシーによる3デプロイ管理</font></font></p>\r\n\r\n<p style="box-sizing: border-box; margin: 0px 0px 0.4rem; padding: 0px; direction: ltr; font-family: ''Glober SemiBold Free'', Arial, sans-serif; font-weight: normal; font-size: 14px; line-height: 1.2rem; text-rendering: optimizelegibility; letter-spacing: 0.05rem; color: rgb(68, 68, 68); font-style: normal; font-variant: normal; orphans: auto; text-align: start; text-indent: 0px; text-transform: none; white-space: normal; widows: auto; word-spacing: 0px; -webkit-text-stroke-width: 0px; background-color: rgb(238, 238, 238);"><font style="box-sizing: border-box;"><font style="box-sizing: border-box;">　&middot;ポリシーによる管理とは何ですか</font></font></p>\r\n\r\n<p style="box-sizing: border-box; margin: 0px 0px 0.4rem; padding: 0px; direction: ltr; font-family: ''Glober SemiBold Free'', Arial, sans-serif; font-weight: normal; font-size: 14px; line-height: 1.2rem; text-rendering: optimizelegibility; letter-spacing: 0.05rem; color: rgb(68, 68, 68); font-style: normal; font-variant: normal; orphans: auto; text-align: start; text-indent: 0px; text-transform: none; white-space: normal; widows: auto; word-spacing: 0px; -webkit-text-stroke-width: 0px; background-color: rgb(238, 238, 238);"><font style="box-sizing: border-box;"><font style="box-sizing: border-box;">　部長のポリシーによる管理の&middot;5展開プロセス</font></font></p>\r\n\r\n<p style="box-sizing: border-box; margin: 0px 0px 0.4rem; padding: 0px; direction: ltr; font-family: ''Glober SemiBold Free'', Arial, sans-serif; font-weight: normal; font-size: 14px; line-height: 1.2rem; text-rendering: optimizelegibility; letter-spacing: 0.05rem; color: rgb(68, 68, 68); font-style: normal; font-variant: normal; orphans: auto; text-align: start; text-indent: 0px; text-transform: none; white-space: normal; widows: auto; word-spacing: 0px; -webkit-text-stroke-width: 0px; background-color: rgb(238, 238, 238);"><font style="box-sizing: border-box;"><font style="box-sizing: border-box;">4。企業理念を共有し、リーダーシップを取って</font></font></p>\r\n\r\n<p style="box-sizing: border-box; margin: 0px 0px 0.4rem; padding: 0px; direction: ltr; font-family: ''Glober SemiBold Free'', Arial, sans-serif; font-weight: normal; font-size: 14px; line-height: 1.2rem; text-rendering: optimizelegibility; letter-spacing: 0.05rem; color: rgb(68, 68, 68); font-style: normal; font-variant: normal; orphans: auto; text-align: start; text-indent: 0px; text-transform: none; white-space: normal; widows: auto; word-spacing: 0px; -webkit-text-stroke-width: 0px; background-color: rgb(238, 238, 238);"><font style="box-sizing: border-box;"><font style="box-sizing: border-box;">　&middot;企業理念を理解し、それを共有する</font></font></p>\r\n\r\n<p style="box-sizing: border-box; margin: 0px 0px 0.4rem; padding: 0px; direction: ltr; font-family: ''Glober SemiBold Free'', Arial, sans-serif; font-weight: normal; font-size: 14px; line-height: 1.2rem; text-rendering: optimizelegibility; letter-spacing: 0.05rem; color: rgb(68, 68, 68); font-style: normal; font-variant: normal; orphans: auto; text-align: start; text-indent: 0px; text-transform: none; white-space: normal; widows: auto; word-spacing: 0px; -webkit-text-stroke-width: 0px; background-color: rgb(238, 238, 238);"><font style="box-sizing: border-box;"><font style="box-sizing: border-box;">　&middot;リーダーシップを取る</font></font></p>\r\n\r\n<p style="box-sizing: border-box; margin: 0px 0px 0.4rem; padding: 0px; direction: ltr; font-family: ''Glober SemiBold Free'', Arial, sans-serif; font-weight: normal; font-size: 14px; line-height: 1.2rem; text-rendering: optimizelegibility; letter-spacing: 0.05rem; color: rgb(68, 68, 68); font-style: normal; font-variant: normal; orphans: auto; text-align: start; text-indent: 0px; text-transform: none; white-space: normal; widows: auto; word-spacing: 0px; -webkit-text-stroke-width: 0px; background-color: rgb(238, 238, 238);"><font style="box-sizing: border-box;"><font style="box-sizing: border-box;">5人と組織の良好な関係を作る</font></font></p>\r\n\r\n<p style="box-sizing: border-box; margin: 0px 0px 0.4rem; padding: 0px; direction: ltr; font-family: ''Glober SemiBold Free'', Arial, sans-serif; font-weight: normal; font-size: 14px; line-height: 1.2rem; text-rendering: optimizelegibility; letter-spacing: 0.05rem; color: rgb(68, 68, 68); font-style: normal; font-variant: normal; orphans: auto; text-align: start; text-indent: 0px; text-transform: none; white-space: normal; widows: auto; word-spacing: 0px; -webkit-text-stroke-width: 0px; background-color: rgb(238, 238, 238);"><font style="box-sizing: border-box;"><font style="box-sizing: border-box;">　&middot;職場のモラル管理</font></font></p>\r\n\r\n<p style="box-sizing: border-box; margin: 0px 0px 0.4rem; padding: 0px; direction: ltr; font-family: ''Glober SemiBold Free'', Arial, sans-serif; font-weight: normal; font-size: 14px; line-height: 1.2rem; text-rendering: optimizelegibility; letter-spacing: 0.05rem; color: rgb(68, 68, 68); font-style: normal; font-variant: normal; orphans: auto; text-align: start; text-indent: 0px; text-transform: none; white-space: normal; widows: auto; word-spacing: 0px; -webkit-text-stroke-width: 0px; background-color: rgb(238, 238, 238);"><font style="box-sizing: border-box;"><font style="box-sizing: border-box;">　&middot;良好なコミュニケーションの組織を作る</font></font></p>\r\n\r\n<p style="box-sizing: border-box; margin: 0px 0px 0.4rem; padding: 0px; direction: ltr; font-family: ''Glober SemiBold Free'', Arial, sans-serif; font-weight: normal; font-size: 14px; line-height: 1.2rem; text-rendering: optimizelegibility; letter-spacing: 0.05rem; color: rgb(68, 68, 68); font-style: normal; font-variant: normal; orphans: auto; text-align: start; text-indent: 0px; text-transform: none; white-space: normal; widows: auto; word-spacing: 0px; -webkit-text-stroke-width: 0px; background-color: rgb(238, 238, 238);"><font style="box-sizing: border-box;"><font style="box-sizing: border-box;">　&middot;仕事の満足度を感じる会社（モチベーション）を確認</font></font></p>\r\n\r\n<p style="box-sizing: border-box; margin: 0px 0px 0.4rem; padding: 0px; direction: ltr; font-family: ''Glober SemiBold Free'', Arial, sans-serif; font-weight: normal; font-size: 14px; line-height: 1.2rem; text-rendering: optimizelegibility; letter-spacing: 0.05rem; color: rgb(68, 68, 68); font-style: normal; font-variant: normal; orphans: auto; text-align: start; text-indent: 0px; text-transform: none; white-space: normal; widows: auto; word-spacing: 0px; -webkit-text-stroke-width: 0px; background-color: rgb(238, 238, 238);"><font style="box-sizing: border-box;"><font style="box-sizing: border-box;">6。計画的に部下の能力を開発する</font></font></p>\r\n\r\n<p style="box-sizing: border-box; margin: 0px 0px 0.4rem; padding: 0px; direction: ltr; font-family: ''Glober SemiBold Free'', Arial, sans-serif; font-weight: normal; font-size: 14px; line-height: 1.2rem; text-rendering: optimizelegibility; letter-spacing: 0.05rem; color: rgb(68, 68, 68); font-style: normal; font-variant: normal; orphans: auto; text-align: start; text-indent: 0px; text-transform: none; white-space: normal; widows: auto; word-spacing: 0px; -webkit-text-stroke-width: 0px; background-color: rgb(238, 238, 238);"><font style="box-sizing: border-box;"><font style="box-sizing: border-box;">　&middot;仕事の成果、および人材育成</font></font></p>\r\n\r\n<p style="box-sizing: border-box; margin: 0px 0px 0.4rem; padding: 0px; direction: ltr; font-family: ''Glober SemiBold Free'', Arial, sans-serif; font-weight: normal; font-size: 14px; line-height: 1.2rem; text-rendering: optimizelegibility; letter-spacing: 0.05rem; color: rgb(68, 68, 68); font-style: normal; font-variant: normal; orphans: auto; text-align: start; text-indent: 0px; text-transform: none; white-space: normal; widows: auto; word-spacing: 0px; -webkit-text-stroke-width: 0px; background-color: rgb(238, 238, 238);"><font style="box-sizing: border-box;"><font style="box-sizing: border-box;">　&middot;部下の開発のPDCA</font></font></p>\r\n\r\n<p style="box-sizing: border-box; margin: 0px 0px 0.4rem; padding: 0px; direction: ltr; font-family: ''Glober SemiBold Free'', Arial, sans-serif; font-weight: normal; font-size: 14px; line-height: 1.2rem; text-rendering: optimizelegibility; letter-spacing: 0.05rem; color: rgb(68, 68, 68); font-style: normal; font-variant: normal; orphans: auto; text-align: start; text-indent: 0px; text-transform: none; white-space: normal; widows: auto; word-spacing: 0px; -webkit-text-stroke-width: 0px; background-color: rgb(238, 238, 238);"><font style="box-sizing: border-box;"><font class="goog-text-highlight" style="box-sizing: border-box; -webkit-box-shadow: rgb(153, 153, 170) 2px 2px 4px; box-shadow: rgb(153, 153, 170) 2px 2px 4px; position: relative; background-color: rgb(201, 215, 241);">　&middot;研修計画を作成します</font></font></p>\r\n', 'android_tutorial.pdf', 'images(6)_1.jpg');

-- --------------------------------------------------------

--
-- Table structure for table `consultancy_images`
--

CREATE TABLE IF NOT EXISTS `consultancy_images` (
  `id` int(11) NOT NULL AUTO_INCREMENT,
  `consultancy_id` int(11) NOT NULL,
  `image` varchar(200) NOT NULL,
  PRIMARY KEY (`id`)
) ENGINE=InnoDB  DEFAULT CHARSET=utf8 AUTO_INCREMENT=22 ;

--
-- Dumping data for table `consultancy_images`
--

INSERT INTO `consultancy_images` (`id`, `consultancy_id`, `image`) VALUES
(11, 3, 'i1.jpg'),
(12, 3, 'dog.jpg'),
(13, 3, 'i4.jpg'),
(15, 2, 'bb5 (1).jpg'),
(21, 14, 'download (24).jpg');

-- --------------------------------------------------------

--
-- Table structure for table `contact_us`
--

CREATE TABLE IF NOT EXISTS `contact_us` (
  `id` int(11) NOT NULL AUTO_INCREMENT,
  `name` varchar(255) NOT NULL,
  `name_mm` varchar(255) NOT NULL,
  `name_jp` varchar(255) NOT NULL,
  `email` varchar(255) NOT NULL,
  `phone` varchar(200) NOT NULL,
  `address` varchar(255) NOT NULL,
  `address_mm` varchar(255) NOT NULL,
  `address_jp` varchar(255) NOT NULL,
  `location` varchar(255) NOT NULL,
  PRIMARY KEY (`id`)
) ENGINE=InnoDB  DEFAULT CHARSET=utf8 AUTO_INCREMENT=2 ;

--
-- Dumping data for table `contact_us`
--

INSERT INTO `contact_us` (`id`, `name`, `name_mm`, `name_jp`, `email`, `phone`, `address`, `address_mm`, `address_jp`, `location`) VALUES
(1, 'MJBC Co., Ltd.', 'MJBC ကုမၸဏီ လီမိတက္', '株式会社MJBC株式会社', 'mjbcc2014@gmail.com', '95 9421113345, 95 9253834523, 95 973023443,', 'Building 14, Room-601, Myanmar ICT Park, Universities Hlaing Campus, Hlaing Township, Yangon. Postal Code 11052.', 'အမွတ္(၁၄)၊ အခန္းနံပါတ္ (၆၀၁)၊ Myanmar ICT Park, Universities Hlaing Campus, လႈိင္ျမိဳ႕နယ္၊ ရန္ကုန္။', '14の構築、ルーム-601、ミャンマーICTパーク、大学Hlaingキャンパス、Hlaing郷、ヤンゴン。郵便番号11052。', '16.23445, 19.234567');

-- --------------------------------------------------------

--
-- Table structure for table `download_timetable`
--

CREATE TABLE IF NOT EXISTS `download_timetable` (
  `id` int(11) NOT NULL AUTO_INCREMENT,
  `name` varchar(255) NOT NULL,
  `file` varchar(255) NOT NULL,
  PRIMARY KEY (`id`)
) ENGINE=InnoDB  DEFAULT CHARSET=utf8 AUTO_INCREMENT=18 ;

--
-- Dumping data for table `download_timetable`
--

INSERT INTO `download_timetable` (`id`, `name`, `file`) VALUES
(5, 'TimeTable One', 'requestProcess (1).pdf'),
(8, 'Seminar TimeTable', 'requestProcess_2 (1).pdf'),
(13, 'Third Seminar', 'android_tutorial_1.pdf'),
(14, 'Second Seminar Timetable', '11.11.13 to 17.11.13 J''SQ.pdf'),
(15, 'testing', '11.11.13 to 17.11.13 J''MT_1.pdf'),
(17, 'download_tt', 'Building Android Applications that Use Web APIs_1.pdf');

-- --------------------------------------------------------

--
-- Table structure for table `executive_search`
--

CREATE TABLE IF NOT EXISTS `executive_search` (
  `id` int(11) NOT NULL AUTO_INCREMENT,
  `name` varchar(255) NOT NULL,
  `name_mm` varchar(255) NOT NULL,
  `name_jp` varchar(255) NOT NULL,
  `description` mediumtext NOT NULL,
  `description_mm` mediumtext NOT NULL,
  `description_jp` mediumtext NOT NULL,
  `start_date` date NOT NULL,
  `end_date` date NOT NULL,
  `start_time` time NOT NULL,
  `end_time` time NOT NULL,
  `venue` varchar(255) NOT NULL,
  `image` varchar(200) NOT NULL,
  PRIMARY KEY (`id`)
) ENGINE=InnoDB  DEFAULT CHARSET=utf8 AUTO_INCREMENT=10 ;

--
-- Dumping data for table `executive_search`
--

INSERT INTO `executive_search` (`id`, `name`, `name_mm`, `name_jp`, `description`, `description_mm`, `description_jp`, `start_date`, `end_date`, `start_time`, `end_time`, `venue`, `image`) VALUES
(1, 'Products Development Method\n', '', '', '<p>Meeting Description.</p>\r\n', '', '', '2014-08-21', '2014-08-23', '13:30:00', '14:30:00', 'MJBC Hall', 'images (3).jpg'),
(2, 'Managing Directors and Directors Training\n', '', '', '<p>2014 Job Fair.</p>\r\n', '', '', '2014-08-19', '2014-08-21', '21:30:00', '14:30:00', 'Tat Ma Daw Hall', 'images (17).jpg'),
(8, 'Basic Training for Drivers\n', '', '', '<p>Test Description.</p>\r\n', '', '', '2014-08-05', '2014-08-07', '12:30:00', '03:30:00', 'Tat Ma Daw Hall', 'images (19).jpg'),
(9, 'Basic Communication Skills\n', '', '', '<p>Criminal law was enacted by English Goverment in 1861 after the independence of Myanmar in 1948. Criminal law was enacted by English Goverment in 1861 after the independence of Myanmar in 1948.</p>', '', '', '2014-08-14', '2014-08-15', '11:00:00', '01:00:00', 'MJBC', 'img2.jpg');

-- --------------------------------------------------------

--
-- Table structure for table `faq`
--

CREATE TABLE IF NOT EXISTS `faq` (
  `id` int(11) NOT NULL AUTO_INCREMENT,
  `name` varchar(255) NOT NULL,
  `name_mm` varchar(255) NOT NULL,
  `name_jp` varchar(255) NOT NULL,
  `description` mediumtext NOT NULL,
  `description_mm` mediumtext NOT NULL,
  `description_jp` mediumtext NOT NULL,
  PRIMARY KEY (`id`)
) ENGINE=InnoDB  DEFAULT CHARSET=utf8 AUTO_INCREMENT=8 ;

--
-- Dumping data for table `faq`
--

INSERT INTO `faq` (`id`, `name`, `name_mm`, `name_jp`, `description`, `description_mm`, `description_jp`) VALUES
(2, 'What will help to customers?', 'Customers ကုိကူညီႏုိင္သည့္ အခ်က္အလက္မ်ား', '何が顧客に役立つのだろうか？', '<p>MJBC will help to make your business growth a reality. Our mission is to help you achieve your dreams. Many Myanmar companies face various kinds of problems and issues.</p>\r\n\r\n<p>We can positively support the solving of these problems issues at your company. As management professionals, we support Myanmar manufacturing companies to improve safety, quality, delivery, costs, and productivity. We support Myanmar service companies to improve how to welcome visitors and upgrade sales skills.<br />\r\nWe support Myanmar companies to improve financial results and increase the amount of sales. As consultants, our joy is to help you to realize your dreams.</p>\r\n', '<p>MJBC က သင့္လုပ္ငန္းကုိ အမွန္တကယ္ ေအာင္ျမင္ေအာင္ကူညီေပးႏုိင္ပါသည္။</p>\r\n\r\n<p>ကြ်ႏု္ပ္တုိ႕ဧ။္ အဓိကရည္ရြယ္ခ်က္မွာ သင္ဧ။္ အိမ္မက္ေတြကုိ အေကာင္အထည္ေဖာ္ေပးရန္ျဖစ္ပါသည္။</p>\r\n\r\n<p>MJBC will help to make your business growth a reality. Our mission is to help you achieve your dreams. Many Myanmar companies face various kinds of problems and issues.</p>\r\n\r\n<p>We can positively support the solving of these problems issues at your company. As management professionals, we support Myanmar manufacturing companies to improve safety, quality, delivery, costs, and productivity. We support Myanmar service companies to improve how to welcome visitors and upgrade sales skills.<br />\r\nWe support Myanmar companies to improve financial results and increase the amount of sales. As consultants, our joy is to help you to realize your dreams.</p>\r\n', '<p style="box-sizing: border-box; margin: 0px 0px 0.4rem; padding: 0px; direction: ltr; font-family: ''Glober SemiBold Free''; font-weight: normal; font-size: 14px; line-height: 1.2rem; text-rendering: optimizelegibility; letter-spacing: 0.05rem; color: rgb(68, 68, 68); font-style: normal; font-variant: normal; orphans: auto; text-align: start; text-indent: 0px; text-transform: none; white-space: normal; widows: auto; word-spacing: 0px; -webkit-text-stroke-width: 0px; background-color: rgb(255, 255, 255);"><font style="box-sizing: border-box;"><font style="box-sizing: border-box;">MJBCは、あなたのビジネスの成長を実現させるのに役立ちます。</font><font style="box-sizing: border-box;">私たちの使命は、あなたの夢を達成するの​​を助けることです。</font><font style="box-sizing: border-box;">多くのミャンマー企業が問題点や課題の様々な種類に直面しています。</font></font></p>\r\n\r\n<p style="box-sizing: border-box; margin: 0px 0px 0.4rem; padding: 0px; direction: ltr; font-family: ''Glober SemiBold Free''; font-weight: normal; font-size: 14px; line-height: 1.2rem; text-rendering: optimizelegibility; letter-spacing: 0.05rem; color: rgb(68, 68, 68); font-style: normal; font-variant: normal; orphans: auto; text-align: start; text-indent: 0px; text-transform: none; white-space: normal; widows: auto; word-spacing: 0px; -webkit-text-stroke-width: 0px; background-color: rgb(255, 255, 255);"><font style="box-sizing: border-box;"><font style="box-sizing: border-box;">私たちは積極的にあなたの会社で、これらの問題の問題の解決をサポートすることができます。</font><font style="box-sizing: border-box;">経営の専門家として、私たちは、安全性、品質、納期、コスト、生産性を向上させるためにミャンマーの製造会社をサポートしています。</font><font style="box-sizing: border-box;">私たちは、訪問者を歓迎し、営業スキルをアップグレードする方法を改善するためにミャンマーサービス企業をサポートしています。</font></font><br style="box-sizing: border-box;" />\r\n<font style="box-sizing: border-box;"><font style="box-sizing: border-box;">私たちは、ミャンマーの企業が決算を改善し、売上高の量を増加させるためにサポートしています。</font><font class="goog-text-highlight" style="box-sizing: border-box; -webkit-box-shadow: rgb(153, 153, 170) 2px 2px 4px; box-shadow: rgb(153, 153, 170) 2px 2px 4px; position: relative; background-color: rgb(201, 215, 241);">コンサルタントとして、私たちの喜びがあなたの夢を実現するお手伝いをすることです。</font></font></p>\r\n'),
(6, 'What is consulting?', 'အတုိင္ပင္ခံလုပ္ငန္း ဆုိတာဘာလဲ?', 'コンサルティングとは何ですか？', '<p>1. Customized consulting courses<br />\r\n* What we do<br />\r\nWe supply consulting services based on your needs, using our specialists&rsquo; know-how of each field.</p>\r\n\r\n<p>* Fees<br />\r\nAfter first having a free initial consultation to discuss the client&rsquo;s needs and expectations, we estimate a reasonable price depending on the size and condition of the client&rsquo;s company and on the time needed and results expected. This initial consultation is without cost.</p>\r\n\r\n<p>2. Group consulting courses<br />\r\n* What we do<br />\r\nThe purpose of group consulting courses is to solve the common problems and issues of participating companies. For examples; ・Introduction of 3S management system or visual management, etc. ・Revision and design of human resources management system ・Improvement of hospitality services and sales management, etc. ・Improvement of logistic management, etc.</p>\r\n\r\n<p>* Fees<br />\r\nFees are reasonable because representatives from several companies attend. Compared to customized courses, the group consulting course fee is about one &ndash; third of the cost.</p>\r\n\r\n<p>3. Monthly advisory contracts<br />\r\nIn addition to the courses above, we also supply monthly advisory contracts. This service is suited to companies wanting to resolve a wide range of problems and issues.<br />\r\nClients wanting to concentrate on pinpoint problems should choose customized or group consulting courses, as described in numbers 1 and 2 above .</p>\r\n', '<p>၁. စိတ္ၾကိဳက္ အတုိင္ပင္ခံလုပ္ငန္း သင္တန္းမ်ား<br />\r\n* ကြ်နုပ္တို႔ ဝန္ေဆာင္မႈမ်ား</p>\r\n\r\n<p>We supply consulting services based on your needs, using our specialists&rsquo; know-how of each field.</p>\r\n\r\n<p>* Fees<br />\r\nAfter first having a free initial consultation to discuss the client&rsquo;s needs and expectations, we estimate a reasonable price depending on the size and condition of the client&rsquo;s company and on the time needed and results expected. This initial consultation is without cost.</p>\r\n\r\n<p>2. Group consulting courses<br />\r\n* What we do<br />\r\nThe purpose of group consulting courses is to solve the common problems and issues of participating companies. For examples; ・Introduction of 3S management system or visual management, etc. ・Revision and design of human resources management system ・Improvement of hospitality services and sales management, etc. ・Improvement of logistic management, etc.</p>\r\n\r\n<p>* Fees<br />\r\nFees are reasonable because representatives from several companies attend. Compared to customized courses, the group consulting course fee is about one &ndash; third of the cost.</p>\r\n\r\n<p>3. Monthly advisory contracts<br />\r\nIn addition to the courses above, we also supply monthly advisory contracts. This service is suited to companies wanting to resolve a wide range of problems and issues.<br />\r\nClients wanting to concentrate on pinpoint problems should choose customized or group consulting courses, as described in numbers 1 and 2 above .</p>\r\n', '<p style="box-sizing: border-box; margin: 0px 0px 0.4rem; padding: 0px; direction: ltr; font-family: ''Glober SemiBold Free''; font-weight: normal; font-size: 14px; line-height: 1.2rem; text-rendering: optimizelegibility; letter-spacing: 0.05rem; color: rgb(68, 68, 68); font-style: normal; font-variant: normal; orphans: auto; text-align: start; text-indent: 0px; text-transform: none; white-space: normal; widows: auto; word-spacing: 0px; -webkit-text-stroke-width: 0px; background-color: rgb(255, 255, 255);"><font style="box-sizing: border-box;"><font style="box-sizing: border-box;">1.カスタマイズされたコンサルティングコースは</font></font><br style="box-sizing: border-box;" />\r\n<font style="box-sizing: border-box;"><font style="box-sizing: border-box;">*私たちは何をすべきか</font></font><br style="box-sizing: border-box;" />\r\n<font style="box-sizing: border-box;"><font style="box-sizing: border-box;">私たちは、各分野のスペシャリスト」のノウハウを使って、あなたのニーズに基づいたコンサルティングサービスを提供します。</font></font></p>\r\n\r\n<p style="box-sizing: border-box; margin: 0px 0px 0.4rem; padding: 0px; direction: ltr; font-family: ''Glober SemiBold Free''; font-weight: normal; font-size: 14px; line-height: 1.2rem; text-rendering: optimizelegibility; letter-spacing: 0.05rem; color: rgb(68, 68, 68); font-style: normal; font-variant: normal; orphans: auto; text-align: start; text-indent: 0px; text-transform: none; white-space: normal; widows: auto; word-spacing: 0px; -webkit-text-stroke-width: 0px; background-color: rgb(255, 255, 255);"><font style="box-sizing: border-box;"><font style="box-sizing: border-box;">*料金は</font></font><br style="box-sizing: border-box;" />\r\n<font style="box-sizing: border-box;"><font style="box-sizing: border-box;">最初のクライアントのニーズや期待を議論する自由な最初の相談をした後、私たちはクライアントの会社の規模や状況に、必要に応じて、結果は予想時間に応じて合理的な価格を見積もる。</font><font style="box-sizing: border-box;">この最初の相談はコストなしである。</font></font></p>\r\n\r\n<p style="box-sizing: border-box; margin: 0px 0px 0.4rem; padding: 0px; direction: ltr; font-family: ''Glober SemiBold Free''; font-weight: normal; font-size: 14px; line-height: 1.2rem; text-rendering: optimizelegibility; letter-spacing: 0.05rem; color: rgb(68, 68, 68); font-style: normal; font-variant: normal; orphans: auto; text-align: start; text-indent: 0px; text-transform: none; white-space: normal; widows: auto; word-spacing: 0px; -webkit-text-stroke-width: 0px; background-color: rgb(255, 255, 255);"><font style="box-sizing: border-box;"><font style="box-sizing: border-box;">2.グループコンサルティングコース</font></font><br style="box-sizing: border-box;" />\r\n<font style="box-sizing: border-box;"><font style="box-sizing: border-box;">*私たちはやる</font></font><br style="box-sizing: border-box;" />\r\n<font style="box-sizing: border-box;"><font style="box-sizing: border-box;">グループコンサルティングコースの目的は、参加企業の共通の問題や課題を解決することである。</font><font style="box-sizing: border-box;">例については、</font><font style="box-sizing: border-box;">3S管理システムや視覚的な管理の導入&middot;等&middot;改訂および人事管理システムの設計&middot;などのホスピタリティ&middot;サービスおよび販売管理の向上&middot;物流管理の改善など</font></font></p>\r\n\r\n<p style="box-sizing: border-box; margin: 0px 0px 0.4rem; padding: 0px; direction: ltr; font-family: ''Glober SemiBold Free''; font-weight: normal; font-size: 14px; line-height: 1.2rem; text-rendering: optimizelegibility; letter-spacing: 0.05rem; color: rgb(68, 68, 68); font-style: normal; font-variant: normal; orphans: auto; text-align: start; text-indent: 0px; text-transform: none; white-space: normal; widows: auto; word-spacing: 0px; -webkit-text-stroke-width: 0px; background-color: rgb(255, 255, 255);"><font style="box-sizing: border-box;"><font style="box-sizing: border-box;">*手数料</font></font><br style="box-sizing: border-box;" />\r\n<font style="box-sizing: border-box;"><font style="box-sizing: border-box;">いくつかの企業の代表者が出席しているため料金が合理的である。</font><font style="box-sizing: border-box;">カスタマイズされたコースと比較すると、グループのコンサルティングコースの料金は約1である-コストのサード。</font></font></p>\r\n\r\n<p style="box-sizing: border-box; margin: 0px 0px 0.4rem; padding: 0px; direction: ltr; font-family: ''Glober SemiBold Free''; font-weight: normal; font-size: 14px; line-height: 1.2rem; text-rendering: optimizelegibility; letter-spacing: 0.05rem; color: rgb(68, 68, 68); font-style: normal; font-variant: normal; orphans: auto; text-align: start; text-indent: 0px; text-transform: none; white-space: normal; widows: auto; word-spacing: 0px; -webkit-text-stroke-width: 0px; background-color: rgb(255, 255, 255);"><font style="box-sizing: border-box;"><font style="box-sizing: border-box;">3.毎月の顧問契約</font></font><br style="box-sizing: border-box;" />\r\n<font style="box-sizing: border-box;"><font style="box-sizing: border-box;">上記のコースに加えて、我々はまた、毎月の顧問契約を供給。</font><font style="box-sizing: border-box;">このサービスは、問題点や課題の広い範囲を解決したい企業に適しています。</font></font><br style="box-sizing: border-box;" />\r\n<font style="box-sizing: border-box;"><font style="box-sizing: border-box;">クライアントは、ピンポイントの問題に集中したい番号1と上記2に記載したように、カスタマイズされたまたはグループコンサルティングコースを選択する必要があります。</font></font></p>\r\n'),
(7, 'Why MJBC ?', 'ဘာေၾကာင့္ MJBC ကုိေရြးခ်ယ္သင့္တာလဲ။', 'なぜMJBC？', '<p>MJBC will help to make your business growth a reality.</p>\r\n\r\n<p>Our mission is to help you achieve your dreams.</p>\r\n\r\n<p>Many Myanmar companies face various kinds of problems and issues.</p>\r\n\r\n<p>We can positively support the solving of these problems issues at your company.</p>\r\n\r\n<p>As management professionals, we support Myanmar manufacturing companies to improve safety, quality, delivery, costs, and productivity. We support&nbsp; Myanmar service companies to improve how to welcome visitors and upgrade sales skills.</p>\r\n\r\n<p>We support Myanmar companies to improve financial results and increase the amount of sales.</p>\r\n\r\n<p>As consultants, our joy is to help you to realize your dreams.</p>\r\n', '<p>MJBC က သင့္လုပ္ငန္းကုိ အမွန္တကယ္ ေအာင္ျမင္ေအာင္ကူညီေပးႏုိင္ပါသည္။</p>\r\n\r\n<p>ကြ်ႏု္ပ္တုိ႕ဧ။္ အဓိကရည္ရြယ္ခ်က္မွာ သင္ဧ။္ အိမ္မက္ေတြကုိ အေကာင္အထည္ေဖာ္ေပးရန္ျဖစ္ပါသည္။</p>\r\n\r\n<p>MJBC will help to make your business growth a reality.</p>\r\n\r\n<p>Our mission is to help you achieve your dreams.</p>\r\n\r\n<p>Many Myanmar companies face various kinds of problems and issues.</p>\r\n\r\n<p>We can positively support the solving of these problems issues at your company.</p>\r\n\r\n<p>As management professionals, we support Myanmar manufacturing companies to improve safety, quality, delivery, costs, and productivity. We support&nbsp; Myanmar service companies to improve how to welcome visitors and upgrade sales skills.</p>\r\n\r\n<p>We support Myanmar companies to improve financial results and increase the amount of sales.</p>\r\n\r\n<p>As consultants, our joy is to help you to realize your dreams.</p>\r\n', '<p style="box-sizing: border-box; margin: 0px 0px 0.4rem; padding: 0px; direction: ltr; font-family: ''Glober SemiBold Free''; font-weight: normal; font-size: 14px; line-height: 1.2rem; text-rendering: optimizelegibility; letter-spacing: 0.05rem; color: rgb(68, 68, 68); font-style: normal; font-variant: normal; orphans: auto; text-align: start; text-indent: 0px; text-transform: none; white-space: normal; widows: auto; word-spacing: 0px; -webkit-text-stroke-width: 0px; background-color: rgb(255, 255, 255);"><font style="box-sizing: border-box;"><font style="box-sizing: border-box;">MJBCは、あなたのビジネスの成長を実現させるのに役立ちます。</font></font></p>\r\n\r\n<p style="box-sizing: border-box; margin: 0px 0px 0.4rem; padding: 0px; direction: ltr; font-family: ''Glober SemiBold Free''; font-weight: normal; font-size: 14px; line-height: 1.2rem; text-rendering: optimizelegibility; letter-spacing: 0.05rem; color: rgb(68, 68, 68); font-style: normal; font-variant: normal; orphans: auto; text-align: start; text-indent: 0px; text-transform: none; white-space: normal; widows: auto; word-spacing: 0px; -webkit-text-stroke-width: 0px; background-color: rgb(255, 255, 255);"><font style="box-sizing: border-box;"><font style="box-sizing: border-box;">私たちの使命は、あなたの夢を達成するの​​を助けることです。</font></font></p>\r\n\r\n<p style="box-sizing: border-box; margin: 0px 0px 0.4rem; padding: 0px; direction: ltr; font-family: ''Glober SemiBold Free''; font-weight: normal; font-size: 14px; line-height: 1.2rem; text-rendering: optimizelegibility; letter-spacing: 0.05rem; color: rgb(68, 68, 68); font-style: normal; font-variant: normal; orphans: auto; text-align: start; text-indent: 0px; text-transform: none; white-space: normal; widows: auto; word-spacing: 0px; -webkit-text-stroke-width: 0px; background-color: rgb(255, 255, 255);"><font style="box-sizing: border-box;"><font style="box-sizing: border-box;">多くのミャンマー企業が問題点や課題の様々な種類に直面しています。</font></font></p>\r\n\r\n<p style="box-sizing: border-box; margin: 0px 0px 0.4rem; padding: 0px; direction: ltr; font-family: ''Glober SemiBold Free''; font-weight: normal; font-size: 14px; line-height: 1.2rem; text-rendering: optimizelegibility; letter-spacing: 0.05rem; color: rgb(68, 68, 68); font-style: normal; font-variant: normal; orphans: auto; text-align: start; text-indent: 0px; text-transform: none; white-space: normal; widows: auto; word-spacing: 0px; -webkit-text-stroke-width: 0px; background-color: rgb(255, 255, 255);"><font style="box-sizing: border-box;"><font style="box-sizing: border-box;">私たちは積極的にあなたの会社で、これらの問題の問題の解決をサポートすることができます。</font></font></p>\r\n\r\n<p style="box-sizing: border-box; margin: 0px 0px 0.4rem; padding: 0px; direction: ltr; font-family: ''Glober SemiBold Free''; font-weight: normal; font-size: 14px; line-height: 1.2rem; text-rendering: optimizelegibility; letter-spacing: 0.05rem; color: rgb(68, 68, 68); font-style: normal; font-variant: normal; orphans: auto; text-align: start; text-indent: 0px; text-transform: none; white-space: normal; widows: auto; word-spacing: 0px; -webkit-text-stroke-width: 0px; background-color: rgb(255, 255, 255);"><font style="box-sizing: border-box;"><font style="box-sizing: border-box;">経営の専門家として、私たちは、安全性、品質、納期、コスト、生産性を向上させるためにミャンマーの製造会社をサポートしています。</font><font style="box-sizing: border-box;">私たちは、訪問者を歓迎し、営業スキルをアップグレードする方法を改善するためにミャンマーのサービス会社をサポートしています。</font></font></p>\r\n\r\n<p style="box-sizing: border-box; margin: 0px 0px 0.4rem; padding: 0px; direction: ltr; font-family: ''Glober SemiBold Free''; font-weight: normal; font-size: 14px; line-height: 1.2rem; text-rendering: optimizelegibility; letter-spacing: 0.05rem; color: rgb(68, 68, 68); font-style: normal; font-variant: normal; orphans: auto; text-align: start; text-indent: 0px; text-transform: none; white-space: normal; widows: auto; word-spacing: 0px; -webkit-text-stroke-width: 0px; background-color: rgb(255, 255, 255);"><font style="box-sizing: border-box;"><font style="box-sizing: border-box;">我々は、財務結果を改善し、売上高の量を増加させるためにミャンマー企業をサポートしています。</font></font></p>\r\n\r\n<p style="box-sizing: border-box; margin: 0px 0px 0.4rem; padding: 0px; direction: ltr; font-family: ''Glober SemiBold Free''; font-weight: normal; font-size: 14px; line-height: 1.2rem; text-rendering: optimizelegibility; letter-spacing: 0.05rem; color: rgb(68, 68, 68); font-style: normal; font-variant: normal; orphans: auto; text-align: start; text-indent: 0px; text-transform: none; white-space: normal; widows: auto; word-spacing: 0px; -webkit-text-stroke-width: 0px; background-color: rgb(255, 255, 255);"><font style="box-sizing: border-box;"><font style="box-sizing: border-box;">コンサルタントとして、私たちの喜びがあなたの夢を実現するお手伝いをすることです。</font></font></p>\r\n');

-- --------------------------------------------------------

--
-- Table structure for table `language`
--

CREATE TABLE IF NOT EXISTS `language` (
  `id` int(11) NOT NULL AUTO_INCREMENT,
  `name` varchar(255) NOT NULL,
  PRIMARY KEY (`id`)
) ENGINE=InnoDB  DEFAULT CHARSET=utf8 AUTO_INCREMENT=4 ;

--
-- Dumping data for table `language`
--

INSERT INTO `language` (`id`, `name`) VALUES
(1, 'Japan'),
(2, 'Myanmar'),
(3, 'English');

-- --------------------------------------------------------

--
-- Table structure for table `news_event_images`
--

CREATE TABLE IF NOT EXISTS `news_event_images` (
  `id` int(11) NOT NULL AUTO_INCREMENT,
  `news_event_id` int(11) NOT NULL,
  `image` varchar(200) NOT NULL,
  PRIMARY KEY (`id`)
) ENGINE=InnoDB  DEFAULT CHARSET=utf8 AUTO_INCREMENT=11 ;

--
-- Dumping data for table `news_event_images`
--

INSERT INTO `news_event_images` (`id`, `news_event_id`, `image`) VALUES
(1, 2, 'download (3).jpg'),
(3, 4, 'download (2).jpg'),
(7, 8, 'meet (1).jpg'),
(9, 9, 'm'),
(10, 1, 'banner_image4.jpg');

-- --------------------------------------------------------

--
-- Table structure for table `news_events`
--

CREATE TABLE IF NOT EXISTS `news_events` (
  `id` int(11) NOT NULL AUTO_INCREMENT,
  `name` varchar(255) NOT NULL,
  `name_mm` varchar(255) NOT NULL,
  `name_jp` varchar(255) NOT NULL,
  `description` mediumtext NOT NULL,
  `description_mm` mediumtext NOT NULL,
  `description_jp` mediumtext NOT NULL,
  `start_date` date NOT NULL,
  `end_date` date NOT NULL,
  `start_time` varchar(9) NOT NULL,
  `end_time` varchar(9) NOT NULL,
  `venue` varchar(255) NOT NULL,
  `venue_mm` varchar(255) NOT NULL,
  `venue_jp` varchar(255) NOT NULL,
  `image` varchar(255) NOT NULL,
  PRIMARY KEY (`id`)
) ENGINE=InnoDB  DEFAULT CHARSET=utf8 AUTO_INCREMENT=3 ;

--
-- Dumping data for table `news_events`
--

INSERT INTO `news_events` (`id`, `name`, `name_mm`, `name_jp`, `description`, `description_mm`, `description_jp`, `start_date`, `end_date`, `start_time`, `end_time`, `venue`, `venue_mm`, `venue_jp`, `image`) VALUES
(1, 'Fisrt News', 'ပထမသတင္း', '推進と報酬管理', '<p>First news for this month. First news for this month.First news for this month.First news for this month.First news for this month.First news for this month.First news for this month.</p>\r\n\r\n<p>First news for this month. First news for this month.First news for this month.First news for this month.First news for this month.First news for this month.First news for this month.</p>\r\n', '<p>&nbsp;ယခုလအတြက္ ပထမဦးဆုံးေသာ သတင္းျဖစ္ပါသည္။ &nbsp;ယခုလအတြက္ ပထမဦးဆုံးေသာ သတင္းျဖစ္ပါသည္။</p>\r\n\r\n<p>&nbsp; ယခုလအတြက္ ပထမဦးဆုံးေသာ သတင္းျဖစ္ပါသည္။ &nbsp;ယခုလအတြက္ ပထမဦးဆုံးေသာ သတင္းျဖစ္ပါသည္။</p>\r\n\r\n<p>&nbsp;</p>\r\n', '<p><span style="color: rgb(68, 68, 68); font-family: ''Glober SemiBold Free'', Arial, sans-serif; font-size: 14px; font-style: normal; font-variant: normal; font-weight: normal; letter-spacing: 0.800000011920929px; line-height: 19.2000007629395px; orphans: auto; text-align: start; text-indent: 0px; text-transform: none; white-space: normal; widows: auto; word-spacing: 0px; -webkit-text-stroke-width: 0px; display: inline !important; float: none; background-color: rgb(238, 238, 238);">あなたは、あなたが販売促進管理の基本を学ぶことができるようになりますし、それらを実装すること。 あなたは、あなたが販売促進管理の基本を学ぶことができるようになりますし、それらを実装すること。</span></p>\r\n\r\n<p><span style="color: rgb(68, 68, 68); font-family: ''Glober SemiBold Free'', Arial, sans-serif; font-size: 14px; font-style: normal; font-variant: normal; font-weight: normal; letter-spacing: 0.800000011920929px; line-height: 19.2000007629395px; orphans: auto; text-align: start; text-indent: 0px; text-transform: none; white-space: normal; widows: auto; word-spacing: 0px; -webkit-text-stroke-width: 0px; display: inline !important; float: none; background-color: rgb(238, 238, 238);">あなたは、あなたが販売促進管理の基本を学ぶことができるようになりますし、それらを実装すること。 あなたは、あなたが販売促進管理の基本を学ぶことができるようになりますし、それらを実装すること。</span></p>\r\n', '2014-10-11', '2014-10-12', '09:30:00', '13:30:00', '12nd street, Lanmadaw township, Yangon', '၁၂လမ္း၊ လမ္းမေတာ္ျမိဳ႕နယ္၊ ရန္ကုန္ျမိဳ႕။', 'あなたは、あなたが販売促進管理の基本を学ぶことができるようになりますし、それらを実装すること。 あなたは、あなたが販売促進管理の基本を学ぶことができるようになりますし、それらを実装すること。', 'banner_image3.jpg'),
(2, 'Second News', 'ဒုတိယေျမာက္သတင္း', '推進と報酬管理', '<p>Second News for this month. Second News for this month.Second News for this month. Second News for this month. Second News for this month.</p>\r\n\r\n<p>Second News for this month. Second News for this month.Second News for this month. Second News for this month. Second News for this month.</p>\r\n\r\n<p>&nbsp;</p>\r\n', '<p>ယခုလအတြက္ ဒုတိယေျမာက္သတင္း ယခုလအတြက္ ဒုတိယေျမာက္သတင္းယခုလအတြက္ ဒုတိယေျမာက္သတင္းယခုလအတြက္ ဒုတိယေျမာက္သတင္း ယခုလအတြက္ ဒုတိယေျမာက္သတင္း ယခုလအတြက္ ဒုတိယေျမာက္သတင္း ယခုလအတြက္ ဒုတိယေျမာက္သတင္း ယခုလအတြက္ ဒုတိယေျမာက္သတင္း။</p>\r\n\r\n<p>ယခုလအတြက္ ဒုတိယေျမာက္သတင္း ယခုလအတြက္ ဒုတိယေျမာက္သတင္းယခုလအတြက္ ဒုတိယေျမာက္သတင္းယခုလအတြက္ ဒုတိယေျမာက္သတင္း ယခုလအတြက္ ဒုတိယေျမာက္သတင္း ယခုလအတြက္ ဒုတိယေျမာက္သတင္း ယခုလအတြက္ ဒုတိယေျမာက္သတင္း ယခုလအတြက္ ဒုတိယေျမာက္သတင္း။</p>\r\n', '<p>あなたは、あなたが販売促進管理の基本を学ぶことができるようになりますし、それらを実装すること。 あなたは、あなたが販売促進管理の基本を学ぶことができるようになりますし、それらを実装すること。</p>\r\n\r\n<p>あなたは、あなたが販売促進管理の基本を学ぶことができるようになりますし、それらを実装すること。 あなたは、あなたが販売促進管理の基本を学ぶことができるようになりますし、それらを実装すること。</p>\r\n\r\n<p>あなたは、あなたが販売促進管理の基本を学ぶことができるようになりますし、それらを実装すること。 あなたは、あなたが販売促進管理の基本を学ぶことができるようになりますし、それらを実装すること。</p>\r\n', '2014-10-13', '2014-10-13', '12:30:00', '18:30:00', '12nd street, Lanmadaw township, Yangon', '၁၂လမ္း၊ လမ္းမေတာ္ျမိဳ႕နယ္၊ ရန္ကုန္ျမိဳ႕။', 'あなたは、あなたが販売促進管理の基本を学ぶことができるようになりますし、それらを実装すること。 あなたは、あなたが販売促進管理の基本を学ぶことができるようになりますし、それらを実装すること。', 'banner.png');

-- --------------------------------------------------------

--
-- Table structure for table `seminar_images`
--

CREATE TABLE IF NOT EXISTS `seminar_images` (
  `id` int(11) NOT NULL AUTO_INCREMENT,
  `seminar_id` int(11) NOT NULL,
  `images` varchar(200) NOT NULL,
  PRIMARY KEY (`id`)
) ENGINE=InnoDB  DEFAULT CHARSET=utf8 AUTO_INCREMENT=55 ;

--
-- Dumping data for table `seminar_images`
--

INSERT INTO `seminar_images` (`id`, `seminar_id`, `images`) VALUES
(44, 2, 'Picture1.png'),
(45, 5, 'Picture2.jpg'),
(46, 7, 'Picture3.jpg'),
(47, 6, 'Picture4 (7).jpg'),
(48, 1, 'Picture5.jpg'),
(49, 8, 'PM3.jpg'),
(50, 10, 'PM5.jpg'),
(51, 11, 'Picture5 (1).jpg'),
(52, 12, 'PM3 (1).jpg'),
(53, 13, 'Picture1.jpg'),
(54, 14, 'Picture1 (1).jpg');

-- --------------------------------------------------------

--
-- Table structure for table `seminar_language`
--

CREATE TABLE IF NOT EXISTS `seminar_language` (
  `id` int(11) NOT NULL AUTO_INCREMENT,
  `seminar_id` int(11) NOT NULL,
  `language_id` int(11) NOT NULL,
  `name` varchar(255) NOT NULL,
  `code_no` int(11) NOT NULL,
  `training_name` varchar(255) NOT NULL,
  `training_needs` varchar(255) NOT NULL,
  `venue` varchar(255) NOT NULL,
  `subject` varchar(255) NOT NULL,
  `tuition_fees` int(11) NOT NULL,
  `implementation_method` varchar(255) NOT NULL,
  `physician` varchar(255) NOT NULL,
  `language` varchar(255) NOT NULL,
  `description` mediumtext NOT NULL,
  `lecturer` varchar(255) NOT NULL,
  PRIMARY KEY (`id`)
) ENGINE=InnoDB  DEFAULT CHARSET=utf8 AUTO_INCREMENT=3 ;

--
-- Dumping data for table `seminar_language`
--

INSERT INTO `seminar_language` (`id`, `seminar_id`, `language_id`, `name`, `code_no`, `training_name`, `training_needs`, `venue`, `subject`, `tuition_fees`, `implementation_method`, `physician`, `language`, `description`, `lecturer`) VALUES
(1, 1, 1, 'Test Seminar', 1, 'Test', ' Test', 'MJBC Seminar Room', 'Human Resource', 30000, 'HR_mehtod', 'HR Physician', '', '', ''),
(2, 2, 2, 'Testing PM Seminar', 33, 'Pm Training', 'Training Need', 'MJBC ', 'PM', 55000, 'PM_method', 'PM Physician', '', '<p>Description</p>\r\n', '');

-- --------------------------------------------------------

--
-- Table structure for table `seminar_type`
--

CREATE TABLE IF NOT EXISTS `seminar_type` (
  `id` int(11) NOT NULL AUTO_INCREMENT,
  `name` varchar(255) NOT NULL,
  `name_mm` varchar(255) NOT NULL,
  `name_jp` varchar(255) NOT NULL,
  PRIMARY KEY (`id`)
) ENGINE=InnoDB  DEFAULT CHARSET=utf8 AUTO_INCREMENT=14 ;

--
-- Dumping data for table `seminar_type`
--

INSERT INTO `seminar_type` (`id`, `name`, `name_mm`, `name_jp`) VALUES
(1, 'Production Management', 'ကုန္ပစၥည္းထုတ္လုပ္ စီမံခန္႕ခဲြျခင္း', '生産管理'),
(5, 'Sales & Hospitality Management', 'အေရာင္းဝန္ေဆာင္မႈစီမံခန္႕ခြဲျခင္း', 'セールス＆ホスピタリティマネジメント'),
(6, 'Organizational-level Training for Prod.', 'အဖဲြ႕အစည္းအတန္းအစားမ်ားအေၾကာင္း သင္တန္း', 'のProdのための組織レベルのトレーニング。'),
(7, 'Organizational-level Training for Sales', 'အေရာင္းအဝယ္ အတြက္ အဖြဲ႔အစည္း အတန္းအစားမ်ား', '販売のための組織レベルのトレーニング'),
(8, 'Human Resource Managment Training', 'လုပ္သားစြမ္္းအား စီမံခန္႕ခြဲမႈသင္တန္း', '人材Managmentトレーニング'),
(9, 'Conceptual Skills Training', 'အျမင္၊ အယူအဆ ကြ်မ္းက်င္မႈ သင္တန္း', '概念技能訓練'),
(10, 'Other Business Skills', 'စီးပြားေရး ဆုိင္ရာ ကြ်မ္းက်င္မႈမ်ား', 'その他のビジネススキル'),
(11, 'Human Skills Training', 'လုပ္သားကြ်မ္းက်င္မႈသင္တန္း', 'ヒューマンスキル研修'),
(12, 'New Employees Training', 'အလုပ္သမားအသစ္မ်ား အတြက္ သင္တန္း', '新入社員研修'),
(13, 'Test', 'tmm', 'tjp');

-- --------------------------------------------------------

--
-- Table structure for table `seminars`
--

CREATE TABLE IF NOT EXISTS `seminars` (
  `id` int(11) NOT NULL AUTO_INCREMENT,
  `language_id` int(11) NOT NULL,
  `category` varchar(255) NOT NULL,
  `name` varchar(255) NOT NULL,
  `seminar_type_id` int(11) NOT NULL,
  `code_no` varchar(15) NOT NULL,
  `training_name` varchar(255) NOT NULL,
  `training_needs` mediumtext NOT NULL,
  `subject` varchar(255) NOT NULL,
  `constant_members` varchar(255) NOT NULL,
  `tuition_fees` varchar(255) NOT NULL,
  `implementation_method` varchar(255) NOT NULL,
  `physician` varchar(255) NOT NULL,
  `language` varchar(255) NOT NULL,
  `description` mediumtext NOT NULL,
  PRIMARY KEY (`id`)
) ENGINE=InnoDB  DEFAULT CHARSET=utf8 AUTO_INCREMENT=19 ;

--
-- Dumping data for table `seminars`
--

INSERT INTO `seminars` (`id`, `language_id`, `category`, `name`, `seminar_type_id`, `code_no`, `training_name`, `training_needs`, `subject`, `constant_members`, `tuition_fees`, `implementation_method`, `physician`, `language`, `description`) VALUES
(1, 3, 'Consultancy', '3S Management', 1, 'PM-2', 'You learn the basics for practicing 3S management, Which is Sweep, Sort, Set in order.', '<ul>\r\n	<li>Do　your company&rsquo;s employees understand 3S management?</li>\r\n	<li>Can your company&rsquo;s employees carry out 3S management? &nbsp;</li>\r\n	<li>Can your company&rsquo;s managers teach 3S management?</li>\r\n	<li>Can your company make 3S management habitual?</li>\r\n</ul>\r\n', 'Managers /supervisors/staff of  production  functions , others', '30 people', 'MJBC member companies (Free)     non-members (45,000 Kyat)　 　 ', 'Lecture and Exercise (participatory training)', 'You will be able to learn the basics of  the 3S management, and to carry out them.', 'Burmese (Japanese lecture and Myanmar interpreter)', '<p>1. Share the policy and effects of 3S management</p>\r\n\r\n<p>　・What is ３Ｓ?, What is 3S management?</p>\r\n\r\n<p>　・Evaluate practice level of 3S management in your company?</p>\r\n\r\n<p>　・Confirm the effects of 3S management</p>\r\n\r\n<p>　・Show the policy of 3S management, and share it</p>\r\n\r\n<p>2. Every employees carry out 3S management</p>\r\n\r\n<p>　・How to proceed with sweeping(cleaning)</p>\r\n\r\n<p>　・How to proceed with sorting(Organizing)</p>\r\n\r\n<p>　・How to proceed with setting in order(Pick up)</p>\r\n\r\n<p>3. Managers and supervisors lead by examples</p>\r\n\r\n<p>　・Top management lead by good example</p>\r\n\r\n<p>4. Recognize 3S management and make it habitual</p>\r\n\r\n<p>　・Standardization of 3S management</p>\r\n\r\n<p>　・Deployment Step of 3S management and the achievement level</p>\r\n\r\n<p>　・Recognition and habituation of 3S management</p>\r\n\r\n<p>5. Exercise of 3S management</p>\r\n\r\n<p>　・Exercise:&nbsp; Sweep</p>\r\n\r\n<p>　・Exercise: Sort</p>\r\n\r\n<p>　・Exercise: Set in order</p>\r\n\r\n<p>&nbsp;</p>\r\n'),
(2, 3, 'Consultancy', 'Monozukuri and Customer''s Viewpoint', 1, 'PM-0001', 'Learn practical method of customer’s viewpoint', '<p>・ Can your company&rsquo;s employees&nbsp; understand basics of &ldquo;Monozukuri&rdquo; management?</p>\r\n\r\n<p>・ Can your company&rsquo;s managers teach the basics of &ldquo;Monozukuri&rdquo; management ? &nbsp;<br />\r\n・ Can your company&rsquo;s employees understand to work in customer&rsquo;s viewpoint?</p>\r\n\r\n<p>・ Can your company&rsquo;s managers teach the basics of customer&rsquo;s viewpoint?</p>\r\n', 'Production department managers, and production department staff', '20 people', 'MJBC member companies (Free)     non-members (45,000 Kyat)　', '(It will be conducted by students participatory) exercises and lecture', 'I learn and practice the basics of customer''s perspective the basics of manufacturing', 'Burmese (Japanese lecture and Myanmar interpreter)', '<p>1. The Basics of &ldquo;Monozukuri&rdquo; Management</p>\r\n\r\n<p>　・Ideal Image of &ldquo;Monozukuri&rdquo; Compnay</p>\r\n\r\n<p>　・The Basics of &ldquo;Monozukuri&rdquo; Management</p>\r\n\r\n<p>　・Roles of Production Function for &ldquo;monozukuri&rdquo;</p>\r\n\r\n<p>&nbsp; ・Actions to realize the Basics of &ldquo;Monozukuri&rdquo; Management</p>\r\n\r\n<p>　・International Standards of &ldquo;Monodukuri&rdquo; Management</p>\r\n\r\n<p>　・BMP（Better Management Practice)</p>\r\n\r\n<p>　・Exercise: Practices of&nbsp; &ldquo;Monozukuri&rdquo; Management</p>\r\n\r\n<p>2. Definition and Process of &nbsp;Customer&rsquo;s Viewpoint</p>\r\n\r\n<p>　・Definition of Customer&rsquo;s Viewpoint</p>\r\n\r\n<p>　・Process of Customer&rsquo;s Viewpoint</p>\r\n\r\n<p>3. Practices of Customer&rsquo;s Viewpoint</p>\r\n\r\n<p>　・Know Your Customer</p>\r\n\r\n<p>　・Grasp what customer wants</p>\r\n\r\n<p>　・Meet Customer&rsquo;s Expectation</p>\r\n\r\n<p>　・Exercise: Self-Evaluation for Practice level of&nbsp; Customer&rsquo;s Viewpoint</p>\r\n\r\n<p>4. Exercise: Constitution Development of Customer&rsquo;s Viewpoint</p>\r\n\r\n<p>　・Exercise: Constitution Development of Customer&rsquo;s Viewpoint</p>\r\n'),
(5, 3, 'Executive Search', 'Human Resources Management', 5, 'SM-0002', 'Learn 10 basics of HRM which the executives should execute', '<p>・Do you understand the importance of human resources management?</p>\r\n\r\n<p>・Do you show the policy of human resources management?</p>\r\n\r\n<p>・Are you aware of the problem of human resource management of the company ?</p>\r\n\r\n<p>・Do you think about the loyalty and motivation of your employees?</p>\r\n', 'Managing Director, Directors, Factory Managers, General Managers, etc.', '30 people (up to 100 Persons)', 'MJBC member companies (Free)     non-members (50,000 Kyat)', 'SH_mehtod', 'You can know the essences of HRM which are essential to the development of Myanmar.', 'Burmese (Japanese lecture and Myanmar interpreter)', '<p>1. What is the HRM?</p>\r\n\r\n<p>　2. HRM is&nbsp; a success requirements of the company.</p>\r\n\r\n<p>　3. Employee Classification and Job Ranking</p>\r\n\r\n<p>　4. Key Points of Recruitment Management</p>\r\n\r\n<p>　5. Key Points of Training and Development Management</p>\r\n\r\n<p>　6. Key points of Staffing Management</p>\r\n\r\n<p>　7. Key Points of Performance Appraisal System</p>\r\n\r\n<p>　8. Key Points of Compensation Management</p>\r\n\r\n<p>　9. Key Points of Labor Management</p>\r\n\r\n<p>10. Implementation of HRM audit</p>\r\n'),
(6, 3, 'Executive Search', 'Performance Appraisal Management', 1, 'HRM-4', 'Training Name', '<p>・Can a HR &nbsp;staff of your company design and apply performance appraisal system?</p>\r\n\r\n<p>・Don&rsquo;t &nbsp;your company&rsquo;s employees have a complaint regarding performance appraisal?</p>\r\n\r\n<p>・Can a HR manager of your company carry out properly the performance appraisal?</p>\r\n\r\n<p>・Does your company have a problem related to the performance appraisal system?</p>\r\n', 'HR managers, HR Staff, Management people who have problems on performance appraisal ', '30 people', 'MJBC member companies (Free)     non-members (45,000 Kyat)　　', 'New_Method', 'You will be able to learn the basics of performance appraisal system, and to carry out them.', 'Burmese (Japanese lecture and Myanmar interpreter)', '<p>1. Roles of HR staff in charge of performance appraisal system.</p>\r\n\r\n<p>　・Human Resources Management Cycle</p>\r\n\r\n<p>　・Roles of HR staff in charge of&nbsp; performance appraisal system</p>\r\n\r\n<p>&nbsp;</p>\r\n\r\n<p>2. Basics and practices of performance appraisal system</p>\r\n\r\n<p>　・Exercise: Questions related to performance appraisal system</p>\r\n\r\n<p>　・The objective and function of performance appraisal system</p>\r\n\r\n<p>&nbsp; ・Principle of performance appraisal system</p>\r\n\r\n<p>　・PDCA of performance appraisal system</p>\r\n\r\n<p>　・Management by objective and performance appraisal</p>\r\n\r\n<p>　・Designing performance appraisal system</p>\r\n\r\n<p>&nbsp;</p>\r\n\r\n<p>3. Exercise: Practices of performance appraisal system</p>\r\n\r\n<p>　・Exercise: Questions and countermeasures of your company</p>\r\n\r\n<p>　・Exercise: Feedback interview of performance appraisal</p>\r\n'),
(7, 3, 'Executive Search', 'Promotion and Rewards Management', 5, 'SH0003', 'You learn about various rewards measures and promotion system necessary to hire and retain employees with talents.', '<p>・Can your company hire employees with talents, and retain them?</p>\r\n\r\n<p>・Can your company reward for the contribution of&nbsp; the employees?</p>\r\n\r\n<p>・Are your company&rsquo;s employees satisfied with the promotion system?</p>\r\n\r\n<p>・Are your company&rsquo;s employees satisfied with the reward system ?</p>\r\n', 'HR managers, HR Staff, Management people who have problems on labor management ', '30 people', 'MJBC member companies (Free)     non-members (45,000 Kyat)　　 ', 'SH_mehtod', 'You will be able to learn the basics of promotion management, and to carry out them.', 'Burmese (Japanese lecture and Myanmar interpreter)', '<p>1. Roles of HR function in charge of&nbsp; promotion/rewards management</p>\r\n\r\n<p>　・What is HRM ?/ Roles of HR function in charge of&nbsp; promotion management</p>\r\n\r\n<p>2. Practices of various rewards measures</p>\r\n\r\n<p>　・Objective of rewards management</p>\r\n\r\n<p>　・Rewards by compensation(wages and benefits)</p>\r\n\r\n<p>&nbsp;&nbsp; ・Rewards by promotion and qualification</p>\r\n\r\n<p>　・Rewards by awards</p>\r\n\r\n<p>　・Rewards by attractive job and training</p>\r\n\r\n<p>3. Basics of promotion management</p>\r\n\r\n<p>　・Basics of promotion management</p>\r\n\r\n<p>　・How to proceed with promotion management</p>\r\n\r\n<p>　・Concept of promotion criteria</p>\r\n\r\n<p>　・Changes of Grade System in Japan and the US　&nbsp;</p>\r\n\r\n<p>4. Skill based qualification system</p>\r\n\r\n<p>　・Structure of Skill based Qualification System</p>\r\n\r\n<p>5. Job based grade system</p>\r\n\r\n<p>　・Structure of Job based Grade System</p>\r\n\r\n<p>　・Job Analysis and Job Description</p>\r\n\r\n<p>6. Exercise: Practices of Labor Management in your company</p>\r\n\r\n<p>　・Exercise: Problems and Countermeasures on the Rewards</p>\r\n\r\n<p>　・Exercise: Problems and Countermeasures on the Promotion</p>\r\n'),
(8, 3, 'Seminar', 'Operation Standard training', 1, 'PM-3', 'You learn the basics of how to make an operation standard necessary to produce good products without variation.', '<ul>\r\n	<li>Does&nbsp; your company create operation standard for each process?</li>\r\n	<li>Do your company&rsquo;s employees work based on the operation standard? &nbsp;</li>\r\n	<li>Can your company&rsquo;s managers and supervisors create an operation standard and teach it?</li>\r\n	<li>Does your company revise properly the&nbsp; operation standard?</li>\r\n</ul>\r\n', 'Managers /supervisors/staff of  production  functions , others', '30 people', 'MJBC member companies (Free)     non-members (45,000 Kyat)', 'Lecture and Exercise (participatory training)', 'You will be able to learn how to make  an operation standard, and to carry out it.', 'Burmese (Japanese lecture and Myanmar interpreter)', '<p>1. Operation standard and its effects</p>\r\n\r\n<ul>\r\n	<li>　What is&nbsp; an operation standard?</li>\r\n	<li>　What are effects of&nbsp; the operation standard?</li>\r\n	<li>　Evaluate an operation standard of your company</li>\r\n</ul>\r\n\r\n<p>2. Creation of operation standard</p>\r\n\r\n<ul>\r\n	<li>　Creating point of operation standard</li>\r\n	<li>　Easy to use operation standard</li>\r\n	<li>　How to make an operation standard</li>\r\n</ul>\r\n\r\n<p>3. Teaching by an operation standard and its maintenance and its revision</p>\r\n\r\n<ul>\r\n	<li>　Teaching by an operation standard</li>\r\n	<li>　Maintenance and revision of the operation standard</li>\r\n</ul>\r\n\r\n<p>4. Recognize 3S management and make it habitual</p>\r\n\r\n<ul>\r\n	<li>&nbsp;&nbsp; Standardization of 3S management</li>\r\n	<li>　Deployment Step of 3S management and the achievement level</li>\r\n	<li>　Recognition and habituation of 3S management</li>\r\n</ul>\r\n\r\n<p>5. Exercise of making an operation standard</p>\r\n\r\n<ul>\r\n	<li>　Exercise:&nbsp; Make an operation standard for assembling&nbsp; an CD case</li>\r\n	<li>　Exercise: Make an operation standard for your subordinate&rsquo;s work</li>\r\n</ul>\r\n'),
(9, 3, 'Seminar', 'Claim Management Training', 1, 'PM-4', 'You learn the basics of how to resolve customers’ claims.', '<ul>\r\n	<li>Does&nbsp; your company set the basic rules of claim management?</li>\r\n	<li>Do your company&rsquo;s employees know the basic rules of claim management? &nbsp;</li>\r\n	<li>Can your company&rsquo;s managers and supervisors teach the claim management?</li>\r\n	<li>Are your company&rsquo;s customers satisfied with the claim management ?</li>\r\n</ul>\r\n', 'Managers /supervisors/staff of  production  functions , others', '30 people', 'MJBC member companies (Free)     non-members (45,000 Kyat)', 'Lecture and Exercise (participatory training)', 'You will be able to learn how to make  an operation standard, and to carry out it.', 'Burmese (Japanese lecture and Myanmar interpreter)', '<p>1. What is a customer satisfaction?</p>\r\n\r\n<ul>\r\n	<li>　Customer&rsquo;s viewpoint</li>\r\n	<li>　Customer satisfaction</li>\r\n	<li>　Grasp needs and wants from customers</li>\r\n	<li>　key points to increase customer satisfaction</li>\r\n</ul>\r\n\r\n<p>2. Claim and claim management</p>\r\n\r\n<ul>\r\n	<li>　What is a claim?</li>\r\n	<li>&nbsp; 5 principles of claim management&nbsp;</li>\r\n	<li>　Guidelines and initiatives of ISO 10002</li>\r\n	<li>　Evaluate the practice level of claim management&nbsp;</li>\r\n</ul>\r\n\r\n<p>3. Process of claim management</p>\r\n\r\n<ul>\r\n	<li>　Process of claim management</li>\r\n	<li>　Identify a claim</li>\r\n	<li>　make a claim report</li>\r\n	<li>　Problem-solving to prevent recurrence</li>\r\n</ul>\r\n\r\n<p>4. Communication for claim management</p>\r\n\r\n<ul>\r\n	<li>　Communication at the time of claim occurrence</li>\r\n	<li>　Techniques for listening to claim</li>\r\n	<li>　Exercise: Claim management for answering by telephone</li>\r\n</ul>\r\n\r\n<p>&nbsp;</p>\r\n'),
(10, 3, 'Seminar', 'Visual Management Training', 1, 'PM-5', 'You learn the basics of how to proceed with visual management for ensuring that normality or trouble can be confirmed at a glance.', '<ul>\r\n	<li>Do&nbsp; your company &lsquo;s employees understand a visual management ?</li>\r\n	<li>Do your company&rsquo;s managers and supervisors teach a visual management? &nbsp;</li>\r\n	<li>Has your company carried out a visual management?</li>\r\n	<li>Is your company&rsquo;s visual management&nbsp; working?</li>\r\n</ul>\r\n', 'Managers /supervisors/staff of  production  functions , others', '30 people', 'MJBC member companies (Free)     non-members (45,000 Kyat)', 'Lecture and Exercise (participatory training)', 'You will be able to learn how to proceed with visual management, and to carry out it.', 'Burmese (Japanese lecture and Myanmar interpreter)', '<p>1. Visual management</p>\r\n\r\n<ul>\r\n	<li>What is a visual management?</li>\r\n	<li>Aim of&nbsp; visual management</li>\r\n	<li>Evaluate a practice level of visual management</li>\r\n</ul>\r\n\r\n<p>2. How to proceed with visual management</p>\r\n\r\n<ul>\r\n	<li>　How to proceed with&nbsp; visual management</li>\r\n	<li>　Subject of visual management</li>\r\n	<li>　Practice points of visual management</li>\r\n</ul>\r\n\r\n<p>3. Concrete development of visual management</p>\r\n\r\n<ul>\r\n	<li>　Visualization of safety and health management</li>\r\n	<li>　Visualization of quality management</li>\r\n	<li>　Visualization of cost management</li>\r\n	<li>　Visualization of delivery management</li>\r\n	<li>　Visualization of production management</li>\r\n	<li>　Visualization of actual product management</li>\r\n	<li>　Visualization of work management</li>\r\n	<li>　Visualization of equipment management</li>\r\n	<li>　Visualization of information management</li>\r\n	<li>　Visualization of management by policy</li>\r\n</ul>\r\n\r\n<p>4. Exercise: Introduction of visual management</p>\r\n\r\n<ul>\r\n	<li>Exercise: Item of visual management in your company</li>\r\n	<li>Exercise:&nbsp; Practice points to introduce a visual management</li>\r\n</ul>\r\n'),
(11, 1, 'Seminar', '運用標準のトレーニング', 1, 'PM-002', '運用標準のトレーニング', '<ul style="box-sizing: border-box; margin: 0px 0px 1.25rem 1.1rem; padding: 0px; direction: ltr; font-size: 14px; line-height: 1.6; list-style-position: outside; font-family: ''Glober SemiBold Free'', Arial, sans-serif; color: rgb(51, 51, 51); font-style: normal; font-variant: normal; font-weight: normal; letter-spacing: normal; orphans: auto; text-align: start; text-indent: 0px; text-transform: none; white-space: normal; widows: auto; word-spacing: 0px; -webkit-text-stroke-width: 0px; background-color: rgb(223, 223, 223);">\r\n	<li style="box-sizing: border-box; margin: 0px; padding: 0px; direction: ltr;"><font style="box-sizing: border-box;"><font style="box-sizing: border-box;">あなたの会社は、各プロセスの動作の標準を作成していますか？</font></font></li>\r\n	<li style="box-sizing: border-box; margin: 0px; padding: 0px; direction: ltr;"><font style="box-sizing: border-box;"><font style="box-sizing: border-box;">あなたの会社の従業員が操作標準に基づいて動作していますか？ &nbsp;</font></font></li>\r\n	<li style="box-sizing: border-box; margin: 0px; padding: 0px; direction: ltr;"><font style="box-sizing: border-box;"><font style="box-sizing: border-box;">あなたの会社の管理監督者は、作業標準を作成し、それを教えることはできますか？</font></font></li>\r\n	<li style="box-sizing: border-box; margin: 0px; padding: 0px; direction: ltr;"><font style="box-sizing: border-box;"><font style="box-sizing: border-box;">あなたの会社が正しく動作規格を改訂していますか？</font></font></li>\r\n</ul>\r\n', 'マネージャ/監督/生産機能の職員、他のもの', '30人', 'MJBC会員企業（フリー）非会員（45,000チャット）', '講義と演習（参加型研修）', 'あなたは、操作の標準を作るために、それを行う方法を学ぶことができるようになります。', 'ビルマ語（日本語講義とミャンマーインタプリタ）', '<p style="box-sizing: border-box; margin: 0px 0px 0.4rem; padding: 0px; direction: ltr; font-family: ''Glober SemiBold Free'', Arial, sans-serif; font-weight: normal; font-size: 14px; line-height: 1.2rem; text-rendering: optimizelegibility; letter-spacing: 0.05rem; color: rgb(68, 68, 68); font-style: normal; font-variant: normal; orphans: auto; text-align: start; text-indent: 0px; text-transform: none; white-space: normal; widows: auto; word-spacing: 0px; -webkit-text-stroke-width: 0px; background-color: rgb(238, 238, 238);"><font style="box-sizing: border-box;"><font style="box-sizing: border-box;">1運用標準とその効果</font></font></p>\r\n\r\n<ul style="box-sizing: border-box; margin: 0px 0px 1.25rem 1.1rem; padding: 0px; direction: ltr; font-size: 14px; line-height: 1.6; list-style-position: outside; font-family: ''Glober SemiBold Free'', Arial, sans-serif; color: rgb(51, 51, 51); font-style: normal; font-variant: normal; font-weight: normal; letter-spacing: normal; orphans: auto; text-align: start; text-indent: 0px; text-transform: none; white-space: normal; widows: auto; word-spacing: 0px; -webkit-text-stroke-width: 0px; background-color: rgb(238, 238, 238);">\r\n	<li style="box-sizing: border-box; margin: 0px; padding: 0px; direction: ltr;"><font style="box-sizing: border-box;"><font style="box-sizing: border-box;">　動作規格とは何ですか？</font></font></li>\r\n	<li style="box-sizing: border-box; margin: 0px; padding: 0px; direction: ltr;"><font style="box-sizing: border-box;"><font style="box-sizing: border-box;">　操作の標準の効果は何ですか？</font></font></li>\r\n	<li style="box-sizing: border-box; margin: 0px; padding: 0px; direction: ltr;"><font style="box-sizing: border-box;"><font style="box-sizing: border-box;">　あなたの会社の運用基準を評価する</font></font></li>\r\n</ul>\r\n\r\n<p style="box-sizing: border-box; margin: 0px 0px 0.4rem; padding: 0px; direction: ltr; font-family: ''Glober SemiBold Free'', Arial, sans-serif; font-weight: normal; font-size: 14px; line-height: 1.2rem; text-rendering: optimizelegibility; letter-spacing: 0.05rem; color: rgb(68, 68, 68); font-style: normal; font-variant: normal; orphans: auto; text-align: start; text-indent: 0px; text-transform: none; white-space: normal; widows: auto; word-spacing: 0px; -webkit-text-stroke-width: 0px; background-color: rgb(238, 238, 238);"><font style="box-sizing: border-box;"><font style="box-sizing: border-box;">操作規格の2。作成</font></font></p>\r\n\r\n<ul style="box-sizing: border-box; margin: 0px 0px 1.25rem 1.1rem; padding: 0px; direction: ltr; font-size: 14px; line-height: 1.6; list-style-position: outside; font-family: ''Glober SemiBold Free'', Arial, sans-serif; color: rgb(51, 51, 51); font-style: normal; font-variant: normal; font-weight: normal; letter-spacing: normal; orphans: auto; text-align: start; text-indent: 0px; text-transform: none; white-space: normal; widows: auto; word-spacing: 0px; -webkit-text-stroke-width: 0px; background-color: rgb(238, 238, 238);">\r\n	<li style="box-sizing: border-box; margin: 0px; padding: 0px; direction: ltr;"><font style="box-sizing: border-box;"><font style="box-sizing: border-box;">　操作規格の作成のポイント</font></font></li>\r\n	<li style="box-sizing: border-box; margin: 0px; padding: 0px; direction: ltr;"><font style="box-sizing: border-box;"><font style="box-sizing: border-box;">　操作標準を使用して簡単に</font></font></li>\r\n	<li style="box-sizing: border-box; margin: 0px; padding: 0px; direction: ltr;"><font style="box-sizing: border-box;"><font style="box-sizing: border-box;">　操作標準の作り方</font></font></li>\r\n</ul>\r\n\r\n<p style="box-sizing: border-box; margin: 0px 0px 0.4rem; padding: 0px; direction: ltr; font-family: ''Glober SemiBold Free'', Arial, sans-serif; font-weight: normal; font-size: 14px; line-height: 1.2rem; text-rendering: optimizelegibility; letter-spacing: 0.05rem; color: rgb(68, 68, 68); font-style: normal; font-variant: normal; orphans: auto; text-align: start; text-indent: 0px; text-transform: none; white-space: normal; widows: auto; word-spacing: 0px; -webkit-text-stroke-width: 0px; background-color: rgb(238, 238, 238);"><font style="box-sizing: border-box;"><font style="box-sizing: border-box;">操作標準およびその維持およびその改正による3ティーチング</font></font></p>\r\n\r\n<ul style="box-sizing: border-box; margin: 0px 0px 1.25rem 1.1rem; padding: 0px; direction: ltr; font-size: 14px; line-height: 1.6; list-style-position: outside; font-family: ''Glober SemiBold Free'', Arial, sans-serif; color: rgb(51, 51, 51); font-style: normal; font-variant: normal; font-weight: normal; letter-spacing: normal; orphans: auto; text-align: start; text-indent: 0px; text-transform: none; white-space: normal; widows: auto; word-spacing: 0px; -webkit-text-stroke-width: 0px; background-color: rgb(238, 238, 238);">\r\n	<li style="box-sizing: border-box; margin: 0px; padding: 0px; direction: ltr;"><font style="box-sizing: border-box;"><font style="box-sizing: border-box;">　操作標準で教える</font></font></li>\r\n	<li style="box-sizing: border-box; margin: 0px; padding: 0px; direction: ltr;"><font style="box-sizing: border-box;"><font style="box-sizing: border-box;">　操作規格のメンテナンスと改訂</font></font></li>\r\n</ul>\r\n\r\n<p style="box-sizing: border-box; margin: 0px 0px 0.4rem; padding: 0px; direction: ltr; font-family: ''Glober SemiBold Free'', Arial, sans-serif; font-weight: normal; font-size: 14px; line-height: 1.2rem; text-rendering: optimizelegibility; letter-spacing: 0.05rem; color: rgb(68, 68, 68); font-style: normal; font-variant: normal; orphans: auto; text-align: start; text-indent: 0px; text-transform: none; white-space: normal; widows: auto; word-spacing: 0px; -webkit-text-stroke-width: 0px; background-color: rgb(238, 238, 238);"><font style="box-sizing: border-box;"><font style="box-sizing: border-box;">4。3S管理を認識し、それが習慣にする</font></font></p>\r\n\r\n<ul style="box-sizing: border-box; margin: 0px 0px 1.25rem 1.1rem; padding: 0px; direction: ltr; font-size: 14px; line-height: 1.6; list-style-position: outside; font-family: ''Glober SemiBold Free'', Arial, sans-serif; color: rgb(51, 51, 51); font-style: normal; font-variant: normal; font-weight: normal; letter-spacing: normal; orphans: auto; text-align: start; text-indent: 0px; text-transform: none; white-space: normal; widows: auto; word-spacing: 0px; -webkit-text-stroke-width: 0px; background-color: rgb(238, 238, 238);">\r\n	<li style="box-sizing: border-box; margin: 0px; padding: 0px; direction: ltr;"><font style="box-sizing: border-box;"><font style="box-sizing: border-box;">&nbsp;&nbsp; 3S管理の標準化</font></font></li>\r\n	<li style="box-sizing: border-box; margin: 0px; padding: 0px; direction: ltr;"><font style="box-sizing: border-box;"><font style="box-sizing: border-box;">　3S管理と達成度の展開ステップ</font></font></li>\r\n	<li style="box-sizing: border-box; margin: 0px; padding: 0px; direction: ltr;"><font style="box-sizing: border-box;"><font style="box-sizing: border-box;">　3S経営の認識と習慣性</font></font></li>\r\n</ul>\r\n\r\n<p style="box-sizing: border-box; margin: 0px 0px 0.4rem; padding: 0px; direction: ltr; font-family: ''Glober SemiBold Free'', Arial, sans-serif; font-weight: normal; font-size: 14px; line-height: 1.2rem; text-rendering: optimizelegibility; letter-spacing: 0.05rem; color: rgb(68, 68, 68); font-style: normal; font-variant: normal; orphans: auto; text-align: start; text-indent: 0px; text-transform: none; white-space: normal; widows: auto; word-spacing: 0px; -webkit-text-stroke-width: 0px; background-color: rgb(238, 238, 238);"><font style="box-sizing: border-box;"><font style="box-sizing: border-box;">動作規格を作る5エクササイズ</font></font></p>\r\n\r\n<ul style="box-sizing: border-box; margin: 0px 0px 1.25rem 1.1rem; padding: 0px; direction: ltr; font-size: 14px; line-height: 1.6; list-style-position: outside; font-family: ''Glober SemiBold Free'', Arial, sans-serif; color: rgb(51, 51, 51); font-style: normal; font-variant: normal; font-weight: normal; letter-spacing: normal; orphans: auto; text-align: start; text-indent: 0px; text-transform: none; white-space: normal; widows: auto; word-spacing: 0px; -webkit-text-stroke-width: 0px; background-color: rgb(238, 238, 238);">\r\n	<li style="box-sizing: border-box; margin: 0px; padding: 0px; direction: ltr;"><font style="box-sizing: border-box;"><font style="box-sizing: border-box;">　演習：CDケースを組み立てるための操作基準を作る</font></font></li>\r\n	<li style="box-sizing: border-box; margin: 0px; padding: 0px; direction: ltr;"><font style="box-sizing: border-box;"><font style="box-sizing: border-box;">　演習：あなたの部下の仕事のための操作の標準を作る</font></font></li>\r\n</ul>\r\n'),
(12, 1, 'Seminar', '推進と報酬管理', 1, 'PM0004', '推進と報酬管理', '<p style="box-sizing: border-box; margin: 0px 0px 0.4rem; padding: 0px; direction: ltr; font-family: ''Glober SemiBold Free'', Arial, sans-serif; font-weight: normal; font-size: 14px; line-height: 1.2rem; text-rendering: optimizelegibility; letter-spacing: 0.05rem; color: rgb(68, 68, 68); font-style: normal; font-variant: normal; orphans: auto; text-align: start; text-indent: 0px; text-transform: none; white-space: normal; widows: auto; word-spacing: 0px; -webkit-text-stroke-width: 0px; background-color: rgb(238, 238, 238);"><font style="box-sizing: border-box;"><font style="box-sizing: border-box;">&middot;あなたの会社は、才能を持つ従業員を雇う、これを保存しすることはできますか？</font></font></p>\r\n\r\n<p style="box-sizing: border-box; margin: 0px 0px 0.4rem; padding: 0px; direction: ltr; font-family: ''Glober SemiBold Free'', Arial, sans-serif; font-weight: normal; font-size: 14px; line-height: 1.2rem; text-rendering: optimizelegibility; letter-spacing: 0.05rem; color: rgb(68, 68, 68); font-style: normal; font-variant: normal; orphans: auto; text-align: start; text-indent: 0px; text-transform: none; white-space: normal; widows: auto; word-spacing: 0px; -webkit-text-stroke-width: 0px; background-color: rgb(238, 238, 238);"><font style="box-sizing: border-box;"><font style="box-sizing: border-box;">&middot;従業員の貢献のためのあなたの会社の報酬はできますか？</font></font></p>\r\n\r\n<p style="box-sizing: border-box; margin: 0px 0px 0.4rem; padding: 0px; direction: ltr; font-family: ''Glober SemiBold Free'', Arial, sans-serif; font-weight: normal; font-size: 14px; line-height: 1.2rem; text-rendering: optimizelegibility; letter-spacing: 0.05rem; color: rgb(68, 68, 68); font-style: normal; font-variant: normal; orphans: auto; text-align: start; text-indent: 0px; text-transform: none; white-space: normal; widows: auto; word-spacing: 0px; -webkit-text-stroke-width: 0px; background-color: rgb(238, 238, 238);"><font style="box-sizing: border-box;"><font style="box-sizing: border-box;">&middot;あなたの会社の従業員が昇進制度に満足していますか？</font></font></p>\r\n\r\n<p style="box-sizing: border-box; margin: 0px 0px 0.4rem; padding: 0px; direction: ltr; font-family: ''Glober SemiBold Free'', Arial, sans-serif; font-weight: normal; font-size: 14px; line-height: 1.2rem; text-rendering: optimizelegibility; letter-spacing: 0.05rem; color: rgb(68, 68, 68); font-style: normal; font-variant: normal; orphans: auto; text-align: start; text-indent: 0px; text-transform: none; white-space: normal; widows: auto; word-spacing: 0px; -webkit-text-stroke-width: 0px; background-color: rgb(238, 238, 238);"><font style="box-sizing: border-box;"><font style="box-sizing: border-box;">&middot;あなたの会社の従業員は報酬システムに満足していますか？</font></font></p>\r\n', '人事マネージャー、人事スタッフ、労務管理上の問題を抱えている管理人', '30人', 'MJBC会員企業（フリー）非会員（45,000チャット）　', '講義と演習（参加型研修）', 'あなたは、販売促進管理の基本を学ぶことができるようになりますし、それらを実施すること。', 'ビルマ語（日本語講義とミャンマーインタプリタ）', '<p style="box-sizing: border-box; margin: 0px 0px 0.4rem; padding: 0px; direction: ltr; font-family: ''Glober SemiBold Free'', Arial, sans-serif; font-weight: normal; font-size: 14px; line-height: 1.2rem; text-rendering: optimizelegibility; letter-spacing: 0.05rem; color: rgb(68, 68, 68); font-style: normal; font-variant: normal; orphans: auto; text-align: start; text-indent: 0px; text-transform: none; white-space: normal; widows: auto; word-spacing: 0px; -webkit-text-stroke-width: 0px; background-color: rgb(223, 223, 223);"><font style="box-sizing: border-box;"><font style="box-sizing: border-box;">プロモーションを担当する人事部門の1。役割/管理に報酬を与える</font></font></p>\r\n\r\n<p style="box-sizing: border-box; margin: 0px 0px 0.4rem; padding: 0px; direction: ltr; font-family: ''Glober SemiBold Free'', Arial, sans-serif; font-weight: normal; font-size: 14px; line-height: 1.2rem; text-rendering: optimizelegibility; letter-spacing: 0.05rem; color: rgb(68, 68, 68); font-style: normal; font-variant: normal; orphans: auto; text-align: start; text-indent: 0px; text-transform: none; white-space: normal; widows: auto; word-spacing: 0px; -webkit-text-stroke-width: 0px; background-color: rgb(223, 223, 223);"><font style="box-sizing: border-box;"><font style="box-sizing: border-box;">　プロモーション管理担当人事機能の&middot;HRMとは何ですか？/役割</font></font></p>\r\n\r\n<p style="box-sizing: border-box; margin: 0px 0px 0.4rem; padding: 0px; direction: ltr; font-family: ''Glober SemiBold Free'', Arial, sans-serif; font-weight: normal; font-size: 14px; line-height: 1.2rem; text-rendering: optimizelegibility; letter-spacing: 0.05rem; color: rgb(68, 68, 68); font-style: normal; font-variant: normal; orphans: auto; text-align: start; text-indent: 0px; text-transform: none; white-space: normal; widows: auto; word-spacing: 0px; -webkit-text-stroke-width: 0px; background-color: rgb(223, 223, 223);"><font style="box-sizing: border-box;"><font style="box-sizing: border-box;">さまざまな報酬策の2。実践</font></font></p>\r\n\r\n<p style="box-sizing: border-box; margin: 0px 0px 0.4rem; padding: 0px; direction: ltr; font-family: ''Glober SemiBold Free'', Arial, sans-serif; font-weight: normal; font-size: 14px; line-height: 1.2rem; text-rendering: optimizelegibility; letter-spacing: 0.05rem; color: rgb(68, 68, 68); font-style: normal; font-variant: normal; orphans: auto; text-align: start; text-indent: 0px; text-transform: none; white-space: normal; widows: auto; word-spacing: 0px; -webkit-text-stroke-width: 0px; background-color: rgb(223, 223, 223);"><font style="box-sizing: border-box;"><font style="box-sizing: border-box;">　&middot;報酬管理の目的</font></font></p>\r\n\r\n<p style="box-sizing: border-box; margin: 0px 0px 0.4rem; padding: 0px; direction: ltr; font-family: ''Glober SemiBold Free'', Arial, sans-serif; font-weight: normal; font-size: 14px; line-height: 1.2rem; text-rendering: optimizelegibility; letter-spacing: 0.05rem; color: rgb(68, 68, 68); font-style: normal; font-variant: normal; orphans: auto; text-align: start; text-indent: 0px; text-transform: none; white-space: normal; widows: auto; word-spacing: 0px; -webkit-text-stroke-width: 0px; background-color: rgb(223, 223, 223);"><font style="box-sizing: border-box;"><font style="box-sizing: border-box;">　&middot;補償による報酬（賃金および給付）</font></font></p>\r\n\r\n<p style="box-sizing: border-box; margin: 0px 0px 0.4rem; padding: 0px; direction: ltr; font-family: ''Glober SemiBold Free'', Arial, sans-serif; font-weight: normal; font-size: 14px; line-height: 1.2rem; text-rendering: optimizelegibility; letter-spacing: 0.05rem; color: rgb(68, 68, 68); font-style: normal; font-variant: normal; orphans: auto; text-align: start; text-indent: 0px; text-transform: none; white-space: normal; widows: auto; word-spacing: 0px; -webkit-text-stroke-width: 0px; background-color: rgb(223, 223, 223);"><font style="box-sizing: border-box;"><font style="box-sizing: border-box;">&nbsp;&nbsp; &middot;昇進&middot;資格による報酬</font></font></p>\r\n\r\n<p style="box-sizing: border-box; margin: 0px 0px 0.4rem; padding: 0px; direction: ltr; font-family: ''Glober SemiBold Free'', Arial, sans-serif; font-weight: normal; font-size: 14px; line-height: 1.2rem; text-rendering: optimizelegibility; letter-spacing: 0.05rem; color: rgb(68, 68, 68); font-style: normal; font-variant: normal; orphans: auto; text-align: start; text-indent: 0px; text-transform: none; white-space: normal; widows: auto; word-spacing: 0px; -webkit-text-stroke-width: 0px; background-color: rgb(223, 223, 223);"><font style="box-sizing: border-box;"><font style="box-sizing: border-box;">　&middot;表彰による報酬</font></font></p>\r\n\r\n<p style="box-sizing: border-box; margin: 0px 0px 0.4rem; padding: 0px; direction: ltr; font-family: ''Glober SemiBold Free'', Arial, sans-serif; font-weight: normal; font-size: 14px; line-height: 1.2rem; text-rendering: optimizelegibility; letter-spacing: 0.05rem; color: rgb(68, 68, 68); font-style: normal; font-variant: normal; orphans: auto; text-align: start; text-indent: 0px; text-transform: none; white-space: normal; widows: auto; word-spacing: 0px; -webkit-text-stroke-width: 0px; background-color: rgb(223, 223, 223);"><font style="box-sizing: border-box;"><font style="box-sizing: border-box;">　&middot;魅力的な仕事とトレーニングによる報酬</font></font></p>\r\n\r\n<p style="box-sizing: border-box; margin: 0px 0px 0.4rem; padding: 0px; direction: ltr; font-family: ''Glober SemiBold Free'', Arial, sans-serif; font-weight: normal; font-size: 14px; line-height: 1.2rem; text-rendering: optimizelegibility; letter-spacing: 0.05rem; color: rgb(68, 68, 68); font-style: normal; font-variant: normal; orphans: auto; text-align: start; text-indent: 0px; text-transform: none; white-space: normal; widows: auto; word-spacing: 0px; -webkit-text-stroke-width: 0px; background-color: rgb(223, 223, 223);"><font style="box-sizing: border-box;"><font style="box-sizing: border-box;">販売促進管理3。基礎</font></font></p>\r\n\r\n<p style="box-sizing: border-box; margin: 0px 0px 0.4rem; padding: 0px; direction: ltr; font-family: ''Glober SemiBold Free'', Arial, sans-serif; font-weight: normal; font-size: 14px; line-height: 1.2rem; text-rendering: optimizelegibility; letter-spacing: 0.05rem; color: rgb(68, 68, 68); font-style: normal; font-variant: normal; orphans: auto; text-align: start; text-indent: 0px; text-transform: none; white-space: normal; widows: auto; word-spacing: 0px; -webkit-text-stroke-width: 0px; background-color: rgb(223, 223, 223);"><font style="box-sizing: border-box;"><font style="box-sizing: border-box;">　&middot;販売促進管理の基礎</font></font></p>\r\n\r\n<p style="box-sizing: border-box; margin: 0px 0px 0.4rem; padding: 0px; direction: ltr; font-family: ''Glober SemiBold Free'', Arial, sans-serif; font-weight: normal; font-size: 14px; line-height: 1.2rem; text-rendering: optimizelegibility; letter-spacing: 0.05rem; color: rgb(68, 68, 68); font-style: normal; font-variant: normal; orphans: auto; text-align: start; text-indent: 0px; text-transform: none; white-space: normal; widows: auto; word-spacing: 0px; -webkit-text-stroke-width: 0px; background-color: rgb(223, 223, 223);"><font style="box-sizing: border-box;"><font style="box-sizing: border-box;">　&middot;販売促進管理を続行する方法</font></font></p>\r\n\r\n<p style="box-sizing: border-box; margin: 0px 0px 0.4rem; padding: 0px; direction: ltr; font-family: ''Glober SemiBold Free'', Arial, sans-serif; font-weight: normal; font-size: 14px; line-height: 1.2rem; text-rendering: optimizelegibility; letter-spacing: 0.05rem; color: rgb(68, 68, 68); font-style: normal; font-variant: normal; orphans: auto; text-align: start; text-indent: 0px; text-transform: none; white-space: normal; widows: auto; word-spacing: 0px; -webkit-text-stroke-width: 0px; background-color: rgb(223, 223, 223);"><font style="box-sizing: border-box;"><font style="box-sizing: border-box;">　&middot;昇進基準の考え方</font></font></p>\r\n\r\n<p style="box-sizing: border-box; margin: 0px 0px 0.4rem; padding: 0px; direction: ltr; font-family: ''Glober SemiBold Free'', Arial, sans-serif; font-weight: normal; font-size: 14px; line-height: 1.2rem; text-rendering: optimizelegibility; letter-spacing: 0.05rem; color: rgb(68, 68, 68); font-style: normal; font-variant: normal; orphans: auto; text-align: start; text-indent: 0px; text-transform: none; white-space: normal; widows: auto; word-spacing: 0px; -webkit-text-stroke-width: 0px; background-color: rgb(223, 223, 223);"><font style="box-sizing: border-box;"><font style="box-sizing: border-box;">　&middot;日本と米国のグレードシステムの変更点　&nbsp;</font></font></p>\r\n\r\n<p style="box-sizing: border-box; margin: 0px 0px 0.4rem; padding: 0px; direction: ltr; font-family: ''Glober SemiBold Free'', Arial, sans-serif; font-weight: normal; font-size: 14px; line-height: 1.2rem; text-rendering: optimizelegibility; letter-spacing: 0.05rem; color: rgb(68, 68, 68); font-style: normal; font-variant: normal; orphans: auto; text-align: start; text-indent: 0px; text-transform: none; white-space: normal; widows: auto; word-spacing: 0px; -webkit-text-stroke-width: 0px; background-color: rgb(223, 223, 223);"><font style="box-sizing: border-box;"><font style="box-sizing: border-box;">4。スキルベースの​​資格制度</font></font></p>\r\n\r\n<p style="box-sizing: border-box; margin: 0px 0px 0.4rem; padding: 0px; direction: ltr; font-family: ''Glober SemiBold Free'', Arial, sans-serif; font-weight: normal; font-size: 14px; line-height: 1.2rem; text-rendering: optimizelegibility; letter-spacing: 0.05rem; color: rgb(68, 68, 68); font-style: normal; font-variant: normal; orphans: auto; text-align: start; text-indent: 0px; text-transform: none; white-space: normal; widows: auto; word-spacing: 0px; -webkit-text-stroke-width: 0px; background-color: rgb(223, 223, 223);"><font style="box-sizing: border-box;"><font style="box-sizing: border-box;">　&middot;スキルの構造に基づく資格制度</font></font></p>\r\n\r\n<p style="box-sizing: border-box; margin: 0px 0px 0.4rem; padding: 0px; direction: ltr; font-family: ''Glober SemiBold Free'', Arial, sans-serif; font-weight: normal; font-size: 14px; line-height: 1.2rem; text-rendering: optimizelegibility; letter-spacing: 0.05rem; color: rgb(68, 68, 68); font-style: normal; font-variant: normal; orphans: auto; text-align: start; text-indent: 0px; text-transform: none; white-space: normal; widows: auto; word-spacing: 0px; -webkit-text-stroke-width: 0px; background-color: rgb(223, 223, 223);"><font style="box-sizing: border-box;"><font style="box-sizing: border-box;">5。ジョブのベースグレードのシステム</font></font></p>\r\n\r\n<p style="box-sizing: border-box; margin: 0px 0px 0.4rem; padding: 0px; direction: ltr; font-family: ''Glober SemiBold Free'', Arial, sans-serif; font-weight: normal; font-size: 14px; line-height: 1.2rem; text-rendering: optimizelegibility; letter-spacing: 0.05rem; color: rgb(68, 68, 68); font-style: normal; font-variant: normal; orphans: auto; text-align: start; text-indent: 0px; text-transform: none; white-space: normal; widows: auto; word-spacing: 0px; -webkit-text-stroke-width: 0px; background-color: rgb(223, 223, 223);"><font style="box-sizing: border-box;"><font style="box-sizing: border-box;">　&middot;ヨブの構造ベースグレードシステム</font></font></p>\r\n\r\n<p style="box-sizing: border-box; margin: 0px 0px 0.4rem; padding: 0px; direction: ltr; font-family: ''Glober SemiBold Free'', Arial, sans-serif; font-weight: normal; font-size: 14px; line-height: 1.2rem; text-rendering: optimizelegibility; letter-spacing: 0.05rem; color: rgb(68, 68, 68); font-style: normal; font-variant: normal; orphans: auto; text-align: start; text-indent: 0px; text-transform: none; white-space: normal; widows: auto; word-spacing: 0px; -webkit-text-stroke-width: 0px; background-color: rgb(223, 223, 223);"><font style="box-sizing: border-box;"><font style="box-sizing: border-box;">　&middot;ジョブの分析と仕事内容</font></font></p>\r\n\r\n<p style="box-sizing: border-box; margin: 0px 0px 0.4rem; padding: 0px; direction: ltr; font-family: ''Glober SemiBold Free'', Arial, sans-serif; font-weight: normal; font-size: 14px; line-height: 1.2rem; text-rendering: optimizelegibility; letter-spacing: 0.05rem; color: rgb(68, 68, 68); font-style: normal; font-variant: normal; orphans: auto; text-align: start; text-indent: 0px; text-transform: none; white-space: normal; widows: auto; word-spacing: 0px; -webkit-text-stroke-width: 0px; background-color: rgb(223, 223, 223);"><font style="box-sizing: border-box;"><font style="box-sizing: border-box;">6。演習：あなたの会社での労務管理の慣行</font></font></p>\r\n\r\n<p style="box-sizing: border-box; margin: 0px 0px 0.4rem; padding: 0px; direction: ltr; font-family: ''Glober SemiBold Free'', Arial, sans-serif; font-weight: normal; font-size: 14px; line-height: 1.2rem; text-rendering: optimizelegibility; letter-spacing: 0.05rem; color: rgb(68, 68, 68); font-style: normal; font-variant: normal; orphans: auto; text-align: start; text-indent: 0px; text-transform: none; white-space: normal; widows: auto; word-spacing: 0px; -webkit-text-stroke-width: 0px; background-color: rgb(223, 223, 223);"><font style="box-sizing: border-box;"><font style="box-sizing: border-box;">　&middot;演習：報酬上の問題点と対策</font></font></p>\r\n\r\n<p style="box-sizing: border-box; margin: 0px 0px 0.4rem; padding: 0px; direction: ltr; font-family: ''Glober SemiBold Free'', Arial, sans-serif; font-weight: normal; font-size: 14px; line-height: 1.2rem; text-rendering: optimizelegibility; letter-spacing: 0.05rem; color: rgb(68, 68, 68); font-style: normal; font-variant: normal; orphans: auto; text-align: start; text-indent: 0px; text-transform: none; white-space: normal; widows: auto; word-spacing: 0px; -webkit-text-stroke-width: 0px; background-color: rgb(223, 223, 223);"><font style="box-sizing: border-box;"><font class="goog-text-highlight" style="box-sizing: border-box; -webkit-box-shadow: rgb(153, 153, 170) 2px 2px 4px; box-shadow: rgb(153, 153, 170) 2px 2px 4px; position: relative; background-color: rgb(201, 215, 241);">　&middot;演習：推進に関する問題点と対策</font></font></p>\r\n'),
(13, 3, 'Seminar', 'Recruitment Management', 8, 'HRM-2', 'You will be able to learn the basics of recruitment management, and to carry out them.', '<p>・ Can your company employ the necessary human resources?</p>\r\n\r\n<p>・ Does your company have a problems related to recruitment?<br />\r\n・ Does a HR staff of your company master the basics of recruitment management?</p>\r\n\r\n<p>・ Can a HR manager of your company carry out the recruitment management?</p>\r\n', 'HR managers, HR Staff, Management people who have problems on recruitment ', '30 people', 'MJBC member companies (Free)     non-members (45,000 Kyat)　 　 ', 'Lecture and Exercise (participatory training)', 'You will be able to learn the basics of recruitment management, and to carry out them.', 'Burmese (Japanese lecture and Myanmar interpreter)', '<p>1. Role and Responsibility of Recruiter</p>\r\n\r\n<p>　・Human Resources Management Cycle</p>\r\n\r\n<p>　・Role and Responsibility of Recruiter</p>\r\n\r\n<p>　</p>\r\n\r\n<p>2. Basics and Practices of Recruitment management</p>\r\n\r\n<p>　・Exercise: Question and Answer related to Recruitment</p>\r\n\r\n<p>　・Employees Classification and Employees Ranking</p>\r\n\r\n<p>　・Recruitment Management and Recruitment Policy</p>\r\n\r\n<p>　・Recruitment Process and Focus</p>\r\n\r\n<p>　・Difficulties of Hiring and Retention</p>\r\n\r\n<p>&nbsp;</p>\r\n\r\n<p>3. Exercise: Practice of Recruitment</p>\r\n\r\n<p>　・Exercise: Problems and Countermeasure of Your Company&rsquo;s Recruitment</p>\r\n\r\n<p>　・Exercise: Making an Operation Standard of Recruiter</p>\r\n');
INSERT INTO `seminars` (`id`, `language_id`, `category`, `name`, `seminar_type_id`, `code_no`, `training_name`, `training_needs`, `subject`, `constant_members`, `tuition_fees`, `implementation_method`, `physician`, `language`, `description`) VALUES
(14, 1, 'Seminar', ' リクルートマネジメント', 8, 'HRM-2', ' リクルートマネジメント', '<p style="box-sizing: border-box; margin: 0px 0px 0.4rem; padding: 0px; direction: ltr; font-family: ''Glober SemiBold Free'', Arial, sans-serif; font-weight: normal; font-size: 14px; line-height: 1.2rem; text-rendering: optimizelegibility; letter-spacing: 0.05rem; color: rgb(68, 68, 68); font-style: normal; font-variant: normal; orphans: auto; text-align: start; text-indent: 0px; text-transform: none; white-space: normal; widows: auto; word-spacing: 0px; -webkit-text-stroke-width: 0px; background-color: rgb(223, 223, 223);"><font style="box-sizing: border-box;"><font style="box-sizing: border-box;">あなたの会社が必要な人材を採用することはできますか？</font></font></p>\r\n\r\n<p style="box-sizing: border-box; margin: 0px 0px 0.4rem; padding: 0px; direction: ltr; font-family: ''Glober SemiBold Free'', Arial, sans-serif; font-weight: normal; font-size: 14px; line-height: 1.2rem; text-rendering: optimizelegibility; letter-spacing: 0.05rem; color: rgb(68, 68, 68); font-style: normal; font-variant: normal; orphans: auto; text-align: start; text-indent: 0px; text-transform: none; white-space: normal; widows: auto; word-spacing: 0px; -webkit-text-stroke-width: 0px; background-color: rgb(223, 223, 223);"><font style="box-sizing: border-box;"><font style="box-sizing: border-box;">&middot;あなたの会社が募集に関連する問題を持っていますか？</font></font><br style="box-sizing: border-box;" />\r\n<font style="box-sizing: border-box;"><font style="box-sizing: border-box;">&middot;あなたの会社の人事担当者は、募集管理の基本をマスターしていますか？</font></font></p>\r\n\r\n<p style="box-sizing: border-box; margin: 0px 0px 0.4rem; padding: 0px; direction: ltr; font-family: ''Glober SemiBold Free'', Arial, sans-serif; font-weight: normal; font-size: 14px; line-height: 1.2rem; text-rendering: optimizelegibility; letter-spacing: 0.05rem; color: rgb(68, 68, 68); font-style: normal; font-variant: normal; orphans: auto; text-align: start; text-indent: 0px; text-transform: none; white-space: normal; widows: auto; word-spacing: 0px; -webkit-text-stroke-width: 0px; background-color: rgb(223, 223, 223);"><font style="box-sizing: border-box;"><font style="box-sizing: border-box;">&middot;あなたの会社の人事マネージャーは、募集管理を行うことができますか？</font></font></p>\r\n', '人事マネージャー、人事スタッフ、募集上の問題を抱えている管理人', '30人', 'MJBC会員企業（フリー）非会員（45,000チャット）', '講義と演習（参加型研修）', 'あなたは、募集管理の基本を学ぶことができるようになりますし、それらを実行すること。', 'ビルマ語（日本語講義とミャンマーインタプリタ）', '<p style="box-sizing: border-box; margin: 0px 0px 0.4rem; padding: 0px; direction: ltr; font-family: ''Glober SemiBold Free'', Arial, sans-serif; font-weight: normal; font-size: 14px; line-height: 1.2rem; text-rendering: optimizelegibility; letter-spacing: 0.05rem; color: rgb(68, 68, 68); font-style: normal; font-variant: normal; orphans: auto; text-align: start; text-indent: 0px; text-transform: none; white-space: normal; widows: auto; word-spacing: 0px; -webkit-text-stroke-width: 0px; background-color: rgb(238, 238, 238);"><font style="box-sizing: border-box;"><font style="box-sizing: border-box;">採用担当者の1。役割と責任</font></font></p>\r\n\r\n<p style="box-sizing: border-box; margin: 0px 0px 0.4rem; padding: 0px; direction: ltr; font-family: ''Glober SemiBold Free'', Arial, sans-serif; font-weight: normal; font-size: 14px; line-height: 1.2rem; text-rendering: optimizelegibility; letter-spacing: 0.05rem; color: rgb(68, 68, 68); font-style: normal; font-variant: normal; orphans: auto; text-align: start; text-indent: 0px; text-transform: none; white-space: normal; widows: auto; word-spacing: 0px; -webkit-text-stroke-width: 0px; background-color: rgb(238, 238, 238);"><font style="box-sizing: border-box;"><font style="box-sizing: border-box;">　&middot;人事管理サイクル</font></font></p>\r\n\r\n<p style="box-sizing: border-box; margin: 0px 0px 0.4rem; padding: 0px; direction: ltr; font-family: ''Glober SemiBold Free'', Arial, sans-serif; font-weight: normal; font-size: 14px; line-height: 1.2rem; text-rendering: optimizelegibility; letter-spacing: 0.05rem; color: rgb(68, 68, 68); font-style: normal; font-variant: normal; orphans: auto; text-align: start; text-indent: 0px; text-transform: none; white-space: normal; widows: auto; word-spacing: 0px; -webkit-text-stroke-width: 0px; background-color: rgb(238, 238, 238);"><font style="box-sizing: border-box;"><font style="box-sizing: border-box;">　採用担当者の役割と責任&middot;</font></font></p>\r\n\r\n<p style="box-sizing: border-box; margin: 0px 0px 0.4rem; padding: 0px; direction: ltr; font-family: ''Glober SemiBold Free'', Arial, sans-serif; font-weight: normal; font-size: 14px; line-height: 1.2rem; text-rendering: optimizelegibility; letter-spacing: 0.05rem; color: rgb(68, 68, 68); font-style: normal; font-variant: normal; orphans: auto; text-align: start; text-indent: 0px; text-transform: none; white-space: normal; widows: auto; word-spacing: 0px; -webkit-text-stroke-width: 0px; background-color: rgb(238, 238, 238);">　</p>\r\n\r\n<p style="box-sizing: border-box; margin: 0px 0px 0.4rem; padding: 0px; direction: ltr; font-family: ''Glober SemiBold Free'', Arial, sans-serif; font-weight: normal; font-size: 14px; line-height: 1.2rem; text-rendering: optimizelegibility; letter-spacing: 0.05rem; color: rgb(68, 68, 68); font-style: normal; font-variant: normal; orphans: auto; text-align: start; text-indent: 0px; text-transform: none; white-space: normal; widows: auto; word-spacing: 0px; -webkit-text-stroke-width: 0px; background-color: rgb(238, 238, 238);"><font style="box-sizing: border-box;"><font style="box-sizing: border-box;">2。基礎とリクルートマネジメントの実践</font></font></p>\r\n\r\n<p style="box-sizing: border-box; margin: 0px 0px 0.4rem; padding: 0px; direction: ltr; font-family: ''Glober SemiBold Free'', Arial, sans-serif; font-weight: normal; font-size: 14px; line-height: 1.2rem; text-rendering: optimizelegibility; letter-spacing: 0.05rem; color: rgb(68, 68, 68); font-style: normal; font-variant: normal; orphans: auto; text-align: start; text-indent: 0px; text-transform: none; white-space: normal; widows: auto; word-spacing: 0px; -webkit-text-stroke-width: 0px; background-color: rgb(238, 238, 238);"><font style="box-sizing: border-box;"><font style="box-sizing: border-box;">　&middot;演習：質問と回答募集に関連して</font></font></p>\r\n\r\n<p style="box-sizing: border-box; margin: 0px 0px 0.4rem; padding: 0px; direction: ltr; font-family: ''Glober SemiBold Free'', Arial, sans-serif; font-weight: normal; font-size: 14px; line-height: 1.2rem; text-rendering: optimizelegibility; letter-spacing: 0.05rem; color: rgb(68, 68, 68); font-style: normal; font-variant: normal; orphans: auto; text-align: start; text-indent: 0px; text-transform: none; white-space: normal; widows: auto; word-spacing: 0px; -webkit-text-stroke-width: 0px; background-color: rgb(238, 238, 238);"><font style="box-sizing: border-box;"><font style="box-sizing: border-box;">　&middot;従業員の分類と従業員のランキング</font></font></p>\r\n\r\n<p style="box-sizing: border-box; margin: 0px 0px 0.4rem; padding: 0px; direction: ltr; font-family: ''Glober SemiBold Free'', Arial, sans-serif; font-weight: normal; font-size: 14px; line-height: 1.2rem; text-rendering: optimizelegibility; letter-spacing: 0.05rem; color: rgb(68, 68, 68); font-style: normal; font-variant: normal; orphans: auto; text-align: start; text-indent: 0px; text-transform: none; white-space: normal; widows: auto; word-spacing: 0px; -webkit-text-stroke-width: 0px; background-color: rgb(238, 238, 238);"><font style="box-sizing: border-box;"><font style="box-sizing: border-box;">　&middot;募集管理とリクルート方針</font></font></p>\r\n\r\n<p style="box-sizing: border-box; margin: 0px 0px 0.4rem; padding: 0px; direction: ltr; font-family: ''Glober SemiBold Free'', Arial, sans-serif; font-weight: normal; font-size: 14px; line-height: 1.2rem; text-rendering: optimizelegibility; letter-spacing: 0.05rem; color: rgb(68, 68, 68); font-style: normal; font-variant: normal; orphans: auto; text-align: start; text-indent: 0px; text-transform: none; white-space: normal; widows: auto; word-spacing: 0px; -webkit-text-stroke-width: 0px; background-color: rgb(238, 238, 238);"><font style="box-sizing: border-box;"><font style="box-sizing: border-box;">　&middot;採用プロセスと集中</font></font></p>\r\n\r\n<p style="box-sizing: border-box; margin: 0px 0px 0.4rem; padding: 0px; direction: ltr; font-family: ''Glober SemiBold Free'', Arial, sans-serif; font-weight: normal; font-size: 14px; line-height: 1.2rem; text-rendering: optimizelegibility; letter-spacing: 0.05rem; color: rgb(68, 68, 68); font-style: normal; font-variant: normal; orphans: auto; text-align: start; text-indent: 0px; text-transform: none; white-space: normal; widows: auto; word-spacing: 0px; -webkit-text-stroke-width: 0px; background-color: rgb(238, 238, 238);"><font style="box-sizing: border-box;"><font style="box-sizing: border-box;">　&middot;採用&middot;保持の難しさ</font></font></p>\r\n\r\n<p style="box-sizing: border-box; margin: 0px 0px 0.4rem; padding: 0px; direction: ltr; font-family: ''Glober SemiBold Free'', Arial, sans-serif; font-weight: normal; font-size: 14px; line-height: 1.2rem; text-rendering: optimizelegibility; letter-spacing: 0.05rem; color: rgb(68, 68, 68); font-style: normal; font-variant: normal; orphans: auto; text-align: start; text-indent: 0px; text-transform: none; white-space: normal; widows: auto; word-spacing: 0px; -webkit-text-stroke-width: 0px; background-color: rgb(238, 238, 238);">&nbsp;</p>\r\n\r\n<p style="box-sizing: border-box; margin: 0px 0px 0.4rem; padding: 0px; direction: ltr; font-family: ''Glober SemiBold Free'', Arial, sans-serif; font-weight: normal; font-size: 14px; line-height: 1.2rem; text-rendering: optimizelegibility; letter-spacing: 0.05rem; color: rgb(68, 68, 68); font-style: normal; font-variant: normal; orphans: auto; text-align: start; text-indent: 0px; text-transform: none; white-space: normal; widows: auto; word-spacing: 0px; -webkit-text-stroke-width: 0px; background-color: rgb(238, 238, 238);"><font style="box-sizing: border-box;"><font style="box-sizing: border-box;">3。演習：リクルートの実践</font></font></p>\r\n\r\n<p style="box-sizing: border-box; margin: 0px 0px 0.4rem; padding: 0px; direction: ltr; font-family: ''Glober SemiBold Free'', Arial, sans-serif; font-weight: normal; font-size: 14px; line-height: 1.2rem; text-rendering: optimizelegibility; letter-spacing: 0.05rem; color: rgb(68, 68, 68); font-style: normal; font-variant: normal; orphans: auto; text-align: start; text-indent: 0px; text-transform: none; white-space: normal; widows: auto; word-spacing: 0px; -webkit-text-stroke-width: 0px; background-color: rgb(238, 238, 238);"><font style="box-sizing: border-box;"><font style="box-sizing: border-box;">　&middot;演習：問題点とあなたの会社の募集の対策</font></font></p>\r\n\r\n<p style="box-sizing: border-box; margin: 0px 0px 0.4rem; padding: 0px; direction: ltr; font-family: ''Glober SemiBold Free'', Arial, sans-serif; font-weight: normal; font-size: 14px; line-height: 1.2rem; text-rendering: optimizelegibility; letter-spacing: 0.05rem; color: rgb(68, 68, 68); font-style: normal; font-variant: normal; orphans: auto; text-align: start; text-indent: 0px; text-transform: none; white-space: normal; widows: auto; word-spacing: 0px; -webkit-text-stroke-width: 0px; background-color: rgb(238, 238, 238);"><font style="box-sizing: border-box;"><font style="box-sizing: border-box;">　&middot;演習：リクルーターの動作の標準を作る</font></font></p>\r\n'),
(15, 3, 'Consultancy', 'Temporary Employees Training', 12, 'JB-1', 'Temporary Employees Training', '<p>・ Do　your company&rsquo;s temporary employees know the basics to work? 　</p>\r\n\r\n<p>・ Do your company&rsquo;s temporary employees work according to the workplace rules? &nbsp;<br />\r\n・ Can your company&rsquo;s supervisors guide properly temporary employees?</p>\r\n', 'Temporary employees /Dispatched workers, others', '30 people', 'MJBC member companies (Free)     non-members (15,000 Kyat)　 　 ', 'Lecture and Exercise (participatory training)', 'You will be able to comply with the basics for working ', 'Burmese (Japanese lecture and Myanmar interpreter)', '<p>1. To know the meaning for working in the manufacturing company</p>\r\n\r\n<p>2. To work from customers&rsquo; viewpoint</p>\r\n\r\n<p>3. To comply with the&nbsp; rules of safety and health</p>\r\n\r\n<p>4. To carry out the 3S</p>\r\n\r\n<p>5. To rotate the PDCA cycle</p>\r\n\r\n<p>6. To make a improvement and problem-solving</p>\r\n\r\n<p>7. To work in a teamwork</p>\r\n\r\n<p>8. To carry out the reporting, contact, and consultation</p>\r\n\r\n<p>9. To follow the business manners</p>\r\n\r\n<p>10. To comply with the workplace discipline</p>\r\n'),
(16, 1, 'Consultancy', '派遣社員研修', 12, 'JB-1', '派遣社員研修', '<p style="box-sizing: border-box; margin: 0px 0px 0.4rem; padding: 0px; direction: ltr; font-family: ''Glober SemiBold Free'', Arial, sans-serif; font-weight: normal; font-size: 14px; line-height: 1.2rem; text-rendering: optimizelegibility; letter-spacing: 0.05rem; color: rgb(68, 68, 68); font-style: normal; font-variant: normal; orphans: auto; text-align: start; text-indent: 0px; text-transform: none; white-space: normal; widows: auto; word-spacing: 0px; -webkit-text-stroke-width: 0px; background-color: rgb(223, 223, 223);"><font style="box-sizing: border-box;"><font style="box-sizing: border-box;">&middot;あなたの会社の派遣社員は、基本は仕事を知っていますか？ 　</font></font></p>\r\n\r\n<p style="box-sizing: border-box; margin: 0px 0px 0.4rem; padding: 0px; direction: ltr; font-family: ''Glober SemiBold Free'', Arial, sans-serif; font-weight: normal; font-size: 14px; line-height: 1.2rem; text-rendering: optimizelegibility; letter-spacing: 0.05rem; color: rgb(68, 68, 68); font-style: normal; font-variant: normal; orphans: auto; text-align: start; text-indent: 0px; text-transform: none; white-space: normal; widows: auto; word-spacing: 0px; -webkit-text-stroke-width: 0px; background-color: rgb(223, 223, 223);"><font style="box-sizing: border-box;"><font style="box-sizing: border-box;">&middot;あなたの会社の派遣社員は、職場のルールに従って動作しますか？ &nbsp; </font></font><br style="box-sizing: border-box;" />\r\n<font style="box-sizing: border-box;"><font style="box-sizing: border-box;">&middot;あなたの会社の上司が適切に臨時従業員を導くことはできますか？</font></font></p>\r\n', '臨時従業員/派遣労働者、他人', '30人', 'MJBC会員企業（フリー）非会員（15,000チャット）　', '講義と演習（参加型研修）', 'あなたが作業するための基礎を遵守することができます', 'ビルマ語（日本語講義とミャンマーインタプリタ）', '<p style="box-sizing: border-box; margin: 0px 0px 0.4rem; padding: 0px; direction: ltr; font-family: ''Glober SemiBold Free'', Arial, sans-serif; font-weight: normal; font-size: 14px; line-height: 1.2rem; text-rendering: optimizelegibility; letter-spacing: 0.05rem; color: rgb(68, 68, 68); font-style: normal; font-variant: normal; orphans: auto; text-align: start; text-indent: 0px; text-transform: none; white-space: normal; widows: auto; word-spacing: 0px; -webkit-text-stroke-width: 0px; background-color: rgb(238, 238, 238);"><font style="box-sizing: border-box;"><font style="box-sizing: border-box;">製造会社で働くための意味を知っている1。</font></font></p>\r\n\r\n<p style="box-sizing: border-box; margin: 0px 0px 0.4rem; padding: 0px; direction: ltr; font-family: ''Glober SemiBold Free'', Arial, sans-serif; font-weight: normal; font-size: 14px; line-height: 1.2rem; text-rendering: optimizelegibility; letter-spacing: 0.05rem; color: rgb(68, 68, 68); font-style: normal; font-variant: normal; orphans: auto; text-align: start; text-indent: 0px; text-transform: none; white-space: normal; widows: auto; word-spacing: 0px; -webkit-text-stroke-width: 0px; background-color: rgb(238, 238, 238);"><font style="box-sizing: border-box;"><font style="box-sizing: border-box;">顧客の観点から回避するに2。</font></font></p>\r\n\r\n<p style="box-sizing: border-box; margin: 0px 0px 0.4rem; padding: 0px; direction: ltr; font-family: ''Glober SemiBold Free'', Arial, sans-serif; font-weight: normal; font-size: 14px; line-height: 1.2rem; text-rendering: optimizelegibility; letter-spacing: 0.05rem; color: rgb(68, 68, 68); font-style: normal; font-variant: normal; orphans: auto; text-align: start; text-indent: 0px; text-transform: none; white-space: normal; widows: auto; word-spacing: 0px; -webkit-text-stroke-width: 0px; background-color: rgb(238, 238, 238);"><font style="box-sizing: border-box;"><font style="box-sizing: border-box;">安全衛生の規則に準拠するため3。</font></font></p>\r\n\r\n<p style="box-sizing: border-box; margin: 0px 0px 0.4rem; padding: 0px; direction: ltr; font-family: ''Glober SemiBold Free'', Arial, sans-serif; font-weight: normal; font-size: 14px; line-height: 1.2rem; text-rendering: optimizelegibility; letter-spacing: 0.05rem; color: rgb(68, 68, 68); font-style: normal; font-variant: normal; orphans: auto; text-align: start; text-indent: 0px; text-transform: none; white-space: normal; widows: auto; word-spacing: 0px; -webkit-text-stroke-width: 0px; background-color: rgb(238, 238, 238);"><font style="box-sizing: border-box;"><font style="box-sizing: border-box;">3Sを実施するために4。</font></font></p>\r\n\r\n<p style="box-sizing: border-box; margin: 0px 0px 0.4rem; padding: 0px; direction: ltr; font-family: ''Glober SemiBold Free'', Arial, sans-serif; font-weight: normal; font-size: 14px; line-height: 1.2rem; text-rendering: optimizelegibility; letter-spacing: 0.05rem; color: rgb(68, 68, 68); font-style: normal; font-variant: normal; orphans: auto; text-align: start; text-indent: 0px; text-transform: none; white-space: normal; widows: auto; word-spacing: 0px; -webkit-text-stroke-width: 0px; background-color: rgb(238, 238, 238);"><font style="box-sizing: border-box;"><font style="box-sizing: border-box;">PDCAサイクルを回転させる5。</font></font></p>\r\n\r\n<p style="box-sizing: border-box; margin: 0px 0px 0.4rem; padding: 0px; direction: ltr; font-family: ''Glober SemiBold Free'', Arial, sans-serif; font-weight: normal; font-size: 14px; line-height: 1.2rem; text-rendering: optimizelegibility; letter-spacing: 0.05rem; color: rgb(68, 68, 68); font-style: normal; font-variant: normal; orphans: auto; text-align: start; text-indent: 0px; text-transform: none; white-space: normal; widows: auto; word-spacing: 0px; -webkit-text-stroke-width: 0px; background-color: rgb(238, 238, 238);"><font style="box-sizing: border-box;"><font style="box-sizing: border-box;">改善と問題解決を行うために6。</font></font></p>\r\n\r\n<p style="box-sizing: border-box; margin: 0px 0px 0.4rem; padding: 0px; direction: ltr; font-family: ''Glober SemiBold Free'', Arial, sans-serif; font-weight: normal; font-size: 14px; line-height: 1.2rem; text-rendering: optimizelegibility; letter-spacing: 0.05rem; color: rgb(68, 68, 68); font-style: normal; font-variant: normal; orphans: auto; text-align: start; text-indent: 0px; text-transform: none; white-space: normal; widows: auto; word-spacing: 0px; -webkit-text-stroke-width: 0px; background-color: rgb(238, 238, 238);"><font style="box-sizing: border-box;"><font style="box-sizing: border-box;">チームワークで作業するには7。</font></font></p>\r\n\r\n<p style="box-sizing: border-box; margin: 0px 0px 0.4rem; padding: 0px; direction: ltr; font-family: ''Glober SemiBold Free'', Arial, sans-serif; font-weight: normal; font-size: 14px; line-height: 1.2rem; text-rendering: optimizelegibility; letter-spacing: 0.05rem; color: rgb(68, 68, 68); font-style: normal; font-variant: normal; orphans: auto; text-align: start; text-indent: 0px; text-transform: none; white-space: normal; widows: auto; word-spacing: 0px; -webkit-text-stroke-width: 0px; background-color: rgb(238, 238, 238);"><font style="box-sizing: border-box;"><font style="box-sizing: border-box;">報告、連絡、相談を実施するために8。</font></font></p>\r\n\r\n<p style="box-sizing: border-box; margin: 0px 0px 0.4rem; padding: 0px; direction: ltr; font-family: ''Glober SemiBold Free'', Arial, sans-serif; font-weight: normal; font-size: 14px; line-height: 1.2rem; text-rendering: optimizelegibility; letter-spacing: 0.05rem; color: rgb(68, 68, 68); font-style: normal; font-variant: normal; orphans: auto; text-align: start; text-indent: 0px; text-transform: none; white-space: normal; widows: auto; word-spacing: 0px; -webkit-text-stroke-width: 0px; background-color: rgb(238, 238, 238);"><font style="box-sizing: border-box;"><font style="box-sizing: border-box;">9。ビジネスマナーに従ってください</font></font></p>\r\n\r\n<p style="box-sizing: border-box; margin: 0px 0px 0.4rem; padding: 0px; direction: ltr; font-family: ''Glober SemiBold Free'', Arial, sans-serif; font-weight: normal; font-size: 14px; line-height: 1.2rem; text-rendering: optimizelegibility; letter-spacing: 0.05rem; color: rgb(68, 68, 68); font-style: normal; font-variant: normal; orphans: auto; text-align: start; text-indent: 0px; text-transform: none; white-space: normal; widows: auto; word-spacing: 0px; -webkit-text-stroke-width: 0px; background-color: rgb(238, 238, 238);"><font style="box-sizing: border-box;"><font style="box-sizing: border-box;">職場の規律を遵守するには10。</font></font></p>\r\n'),
(17, 3, 'Executive Search', 'New employees training 2', 12, 'JB-2', 'New employees training 2', '<p>・ Do　your company&rsquo;s temporary employees know the basics to work? 　</p>\r\n\r\n<p>・ Do your company&rsquo;s temporary employees work according to the workplace rules? &nbsp;<br />\r\n・ Can your company&rsquo;s supervisors guide properly temporary employees?</p>\r\n', 'Temporary employees /Dispatched workers, others', '30 people', 'MJBC member companies (Free)     non-members (15,000 Kyat)　 　 ', 'Lecture and Exercise (participatory training)', 'You will be able to comply with the basics for working ', 'Burmese (Japanese lecture and Myanmar interpreter)', '<p>1. To know the meaning for working in the manufacturing company</p>\r\n\r\n<p>2. To work from customers&rsquo; viewpoint</p>\r\n\r\n<p>3. To comply with the&nbsp; rules of safety and health</p>\r\n\r\n<p>4. To carry out the 3S</p>\r\n\r\n<p>5. To rotate the PDCA cycle</p>\r\n\r\n<p>6. To make a improvement and problem-solving</p>\r\n\r\n<p>7. To work in a teamwork</p>\r\n\r\n<p>8. To carry out the reporting, contact, and consultation</p>\r\n\r\n<p>9. To follow the business manners</p>\r\n\r\n<p>10. To comply with the workplace discipline</p>\r\n'),
(18, 2, 'Seminar', 'ကုန္ထုတ္လုပ္မႈ', 1, 'PM-002', 'ကုန္ထုတ္လုပ္မႈ', '<p>ကုန္ထုတ္လုပ္မႈ ကုန္ထုတ္လုပ္မႈကုန္ထုတ္လုပ္မႈကုန္ထုတ္လုပ္မႈကုန္ထုတ္လုပ္မႈကုန္ထုတ္လုပ္မႈကုန္ထုတ္လုပ္မႈကုန္ထုတ္လုပ္မႈ ကုန္ထုတ္လုပ္မႈကုန္ထုတ္လုပ္မႈ</p>\r\n', 'ကုန္ထုတ္လုပ္မႈ ကုန္ထုတ္လုပ္မႈကုန္ထုတ္လုပ္မႈကုန္ထုတ္လုပ္မႈ', '30', '45000', 'သင္ခန္းစာ ႏွင့္ေလ႕က်င့္ခန္း', 'ကုန္ထုတ္လုပ္မႈ ကုန္ထုတ္လုပ္မႈကုန္ထုတ္လုပ္မႈကုန္ထုတ္လုပ္မႈ', 'ျမန္မာ', '<p>ကုန္ထုတ္လုပ္မႈ ကုန္ထုတ္လုပ္မႈကုန္ထုတ္လုပ္မႈကုန္ထုတ္လုပ္မႈကုန္ထုတ္လုပ္မႈ ကုန္ထုတ္လုပ္မႈကုန္ထုတ္လုပ္မႈကုန္ထုတ္လုပ္မႈကုန္ထုတ္လုပ္မႈ ကုန္ထုတ္လုပ္မႈကုန္ထုတ္လုပ္မႈကုန္ထုတ္လုပ္မႈကုန္ထုတ္လုပ္မႈ ကုန္ထုတ္လုပ္မႈကုန္ထုတ္လုပ္မႈကုန္ထုတ္လုပ္မႈကုန္ထုတ္လုပ္မႈ ကုန္ထုတ္လုပ္မႈကုန္ထုတ္လုပ္မႈကုန္ထုတ္လုပ္မႈကုန္ထုတ္လုပ္မႈ ကုန္ထုတ္လုပ္မႈကုန္ထုတ္လုပ္မႈကုန္ထုတ္လုပ္မႈကုန္ထုတ္လုပ္မႈ ကုန္ထုတ္လုပ္မႈကုန္ထုတ္လုပ္မႈကုန္ထုတ္လုပ္မႈကုန္ထုတ္လုပ္မႈ ကုန္ထုတ္လုပ္မႈကုန္ထုတ္လုပ္မႈကုန္ထုတ္လုပ္မႈကုန္ထုတ္လုပ္မႈ ကုန္ထုတ္လုပ္မႈကုန္ထုတ္လုပ္မႈကုန္ထုတ္လုပ္မႈ ကုန္ထုတ္လုပ္မႈ ကုန္ထုတ္လုပ္မႈကုန္ထုတ္လုပ္မႈကုန္ထုတ္လုပ္မႈကုန္ထုတ္လုပ္မႈ ကုန္ထုတ္လုပ္မႈကုန္ထုတ္လုပ္မႈကုန္ထုတ္လုပ္မႈကုန္ထုတ္လုပ္မႈ ကုန္ထုတ္လုပ္မႈကုန္ထုတ္လုပ္မႈကုန္ထုတ္လုပ္မႈ</p>\r\n');

-- --------------------------------------------------------

--
-- Table structure for table `student`
--

CREATE TABLE IF NOT EXISTS `student` (
  `id` int(11) NOT NULL AUTO_INCREMENT,
  `name` varchar(255) NOT NULL,
  `name_mm` varchar(255) NOT NULL,
  `name_jp` varchar(255) NOT NULL,
  `email` varchar(255) NOT NULL,
  `password` varchar(90) NOT NULL,
  `phone` int(90) NOT NULL,
  `gender` varchar(255) NOT NULL,
  `nrc_no` varchar(50) NOT NULL,
  `birth_day` int(11) NOT NULL,
  `birth_month` int(11) NOT NULL,
  `birth_year` int(11) NOT NULL,
  `nationality` varchar(255) NOT NULL,
  `image` varchar(200) NOT NULL,
  `user_id` int(11) NOT NULL,
  `created_at` datetime NOT NULL,
  `updated_at` datetime NOT NULL,
  PRIMARY KEY (`id`)
) ENGINE=InnoDB  DEFAULT CHARSET=utf8 AUTO_INCREMENT=5 ;

--
-- Dumping data for table `student`
--

INSERT INTO `student` (`id`, `name`, `name_mm`, `name_jp`, `email`, `password`, `phone`, `gender`, `nrc_no`, `birth_day`, `birth_month`, `birth_year`, `nationality`, `image`, `user_id`, `created_at`, `updated_at`) VALUES
(1, 'Aye Aye', '', '', 'aye@gmail.com', '$2y$10$xZEBNaA5OLcqqmdNVCgfweyEEwGy2oRPiua9RKISzPC.AOEe5lAom', 9444444, 'Female', 'MGTN-12345', 6, 3, 1991, 'Myanmar', 'images (18).jpg', 3, '0000-00-00 00:00:00', '0000-00-00 00:00:00'),
(2, 'Su Su', '', '', 'susu@gmail.com', '$2y$10$CX9dFae9aWA.qXivPPX/.uHkRIB2JIXZ4bHn5rOlufN/oLSShm6gS', 95022546, 'male', 'TGKN-2346', 12, 1, 1993, 'Myanmar', 'images (19).jpg', 4, '0000-00-00 00:00:00', '0000-00-00 00:00:00'),
(3, 'MG MG', '', '', 'mg@gmail.com', '$2y$10$RapktsPrXiECH.W5gkdhjePrI6XHEmRNuM8m29Nj2NPPh1J6u3jv.', 95022546, 'male', 'TM-12345', 12, 10, 1993, 'Myanmar', 'images (20).jpg', 1, '0000-00-00 00:00:00', '0000-00-00 00:00:00'),
(4, 'Hnin Pwint', '', '', 'hpt@gmail.com', '$2y$10$LxFceh2ulrzwQ.m/aQEHRuFf30ukRlk98JrYujnTA5Udh7G51fqVC', 973125040, 'Female', 'TGKN-2346', 6, 10, 1990, 'Myanmar', 'images (14).jpg', 2, '0000-00-00 00:00:00', '0000-00-00 00:00:00');

-- --------------------------------------------------------

--
-- Table structure for table `timetable`
--

CREATE TABLE IF NOT EXISTS `timetable` (
  `id` int(11) NOT NULL AUTO_INCREMENT,
  `seminar_id` int(11) NOT NULL,
  `start_date` date NOT NULL,
  `end_date` date NOT NULL,
  `start_time` varchar(9) NOT NULL,
  `end_time` varchar(9) NOT NULL,
  `venue` varchar(255) NOT NULL,
  `lecturer` varchar(255) NOT NULL,
  `days` varchar(255) NOT NULL,
  PRIMARY KEY (`id`)
) ENGINE=InnoDB  DEFAULT CHARSET=utf8 AUTO_INCREMENT=14 ;

--
-- Dumping data for table `timetable`
--

INSERT INTO `timetable` (`id`, `seminar_id`, `start_date`, `end_date`, `start_time`, `end_time`, `venue`, `lecturer`, `days`) VALUES
(1, 2, '2014-09-12', '2014-09-18', '09:00:00', '16:00:00', 'Training room of MJBC ', 'Mr. Toshio Mitsutomi, Mr. Myo Min Oo　', '"Monday","Tuesday","Wednesday","Thursday","Friday"'),
(2, 1, '2014-10-09', '2014-10-12', '09:00:00', '17:00:00', 'Training room of MJBC ', 'Mr. Toshio Mitsutomi, Mr. Myo Min Oo', '"Monday","Thursday","Saturday"'),
(3, 5, '2014-10-22', '2014-10-25', '10:00:00', '16:00:00', 'Training room of MJBC', 'Mr. Toshio Mitsutomi, Mr. Myo Min Oo', '"Monday","Thursday"'),
(4, 6, '2014-11-02', '2014-11-08', '11:00:00', '17:00:00', 'Training room of MJBC', 'Mr. Toshio Mitsutomi, Mr. Myo Min Oo', 'ul'),
(5, 7, '2014-12-02', '2014-12-09', '08:30:00', '12:00:00', 'Training room of MJBC', 'Mr. Toshio Mitsutomi, Mr. Myo Min Oo', 'ul'),
(6, 8, '2015-01-02', '2015-01-08', '10:30:00', '16:00:00', 'Training room of MJBC', 'Mr. Toshio Mitsutomi, Mr. Myo Min Oo', 'ul'),
(7, 1, '2014-08-02', '2014-08-05', '12:00:00', '17:30:00', 'Training room of MJBC (2)', 'Mr. Toshio Mitsutomi, Mr. Myo Min Oo', 'ul'),
(8, 5, '2014-08-09', '2014-08-12', '12:00:00', '16:00:00', 'Training room of MJBC', 'Mr. Toshio Mitsutomi, Mr. Myo Min Oo', 'ul'),
(9, 1, '2014-09-18', '2014-09-22', '08:00:00', '12:00:00', 'Training room of MJBC (1)', 'Mr. Toshio Mitsutomi, Mr. Myo Min Oo', 'ul'),
(10, 9, '2014-10-12', '2014-10-13', '13:30:00', '16:30:00', '12nd street, Lanmadaw township, Yangon', '講義と演習（参加型研修）', '"Monday","Thursday","Saturday"'),
(11, 10, '2014-11-02', '2014-11-03', '14:30:00', '14:30:00', '12nd street, Lanmadaw township, Yangon', '講義と演習（参加型研修）', '"Monday","Thursday"'),
(12, 11, '2014-12-02', '2014-12-04', '12:30:00', '14:30:00', '12nd street, Lanmadaw township, Yangon', '講義と演習（参加型研修）', '"Monday","Tuesday","Thursday","Saturday"'),
(13, 6, '2014-12-05', '2014-12-06', '09:00 AM', '01:00 PM', 'Venue for this PAM update', 'Lecturer Name upd', '"Thursday","Saturday"');

-- --------------------------------------------------------

--
-- Table structure for table `user`
--

CREATE TABLE IF NOT EXISTS `user` (
  `id` int(11) NOT NULL AUTO_INCREMENT,
  `course_id` int(11) NOT NULL,
  `name` varchar(255) NOT NULL,
  `name_mm` varchar(255) NOT NULL,
  `name_jp` varchar(255) NOT NULL,
  `email` varchar(50) NOT NULL,
  `password` varchar(90) NOT NULL,
  `phone` varchar(60) NOT NULL,
  `gender` varchar(7) NOT NULL,
  `address` varchar(255) NOT NULL,
  `company_name` varchar(255) NOT NULL,
  `department` varchar(255) NOT NULL,
  `nationality` varchar(90) NOT NULL,
  `role` int(5) NOT NULL COMMENT '0==> Normal, 2==>Register, 4==>Admin',
  `remember_token` varchar(90) NOT NULL,
  `created_at` datetime NOT NULL,
  `updated_at` datetime NOT NULL,
  PRIMARY KEY (`id`)
) ENGINE=InnoDB  DEFAULT CHARSET=utf8 AUTO_INCREMENT=11 ;

--
-- Dumping data for table `user`
--

INSERT INTO `user` (`id`, `course_id`, `name`, `name_mm`, `name_jp`, `email`, `password`, `phone`, `gender`, `address`, `company_name`, `department`, `nationality`, `role`, `remember_token`, `created_at`, `updated_at`) VALUES
(1, 0, 'mg mg', '', '', 'mg@gmail.com', '$2y$10$Mp4H531q7M0ZmtbM.JtZfOCu0vk34Z78fkYA2rVsPPcuCvAGwBoR.', '', '', '', '', '', '', 0, '', '2014-08-22 08:03:47', '2014-08-22 08:59:09'),
(2, 0, 'admin', '', '', 'admin@gmail.com', '$2y$10$hJtr0mLNgdr9IoR5zK2dneg.uGhhPxleOUDr1/s7H/QA7zhSs4Enu', '', '', '', '', '', '', 4, 'Mj5k2KXkx4B4vgf5I3ciahlHedLIHs8V374mdtK7UkVOtI9wCX3OL681D5wS', '2014-08-22 08:15:40', '2014-10-14 08:58:54'),
(3, 0, 'Aye Aye', '', '', 'aye@gmail.com', '$2y$10$YJVEicPI37YuWUrRmtF1G.8375IqywoxganFJALB218m8c0KTW/di', '', '', '', '', '', '', 0, '', '2014-08-26 04:17:30', '2014-08-26 04:17:30'),
(4, 0, 'Su Su', '', '', 'susu@gmail.com', '$2y$10$AifXAChRZp8N.YxDJtgHI.dXubEDceXEMIh7ZD9VujOBfZyHTBBwq', '', '', '', '', '', '', 0, '', '2014-08-26 04:17:52', '2014-08-29 08:29:43'),
(6, 0, 'Saw Nay Thu Aung', '', '', 'sawnaythuaung92@gmail.com', '$2y$10$Eabwypn6S1W2R/5Gqw7ohOnbulDZePsYH.sfstHCfohMtfw86haYy', '09254869048', 'Male', 'No.33, 1st floor, 3rd street, Lanmadaw', 'Ignite', 'Software', 'Myanmar', 2, 'sQ02REuaOPSx5FLr4rPR9pylxv0IVqXDpIpaDbzp4pZSQANsg3P2N13dNWvg', '2014-10-10 05:36:59', '2014-10-14 08:59:16'),
(7, 2, 'Saw Nay Thu Aung', '', '', 'sawnaythuaung92@gmail.com', '', '09254869048', 'Male', 'No.33, first Floor, 3rd street, Lanmadaw, Yangon', 'Ignite Software Solution', 'Software', 'Myanmar', 2, '', '2014-10-14 08:56:46', '2014-10-14 08:56:46'),
(8, 14, 'Saw Nay Thu Aung', '', '', 'sawnaythuaung92@gmail.com', '', '09254869048', 'Male', 'No.33, first Floor, 3rd street, Lanmadaw, Yangon', 'Ignite Software Solution', 'Software', 'Myanmar', 2, '', '2014-10-14 09:09:07', '2014-10-14 09:09:07'),
(9, 18, 'Zaw Win Htike', '', '', 'zawwinhtike@gmail.com', '$2y$10$LwWJ3OKDgE5Txd.pNu/g8.HU1EoKCLjMHqYn1sK9Zrqrcq3pY18nG', '0988888888', 'Male', 'Lathar, Yangon', 'Company', 'Staff', 'Myanmar', 0, '', '2014-10-17 10:19:30', '2014-12-01 10:28:51'),
(10, 0, 'test', 'test', 'test', 'test@gmail.com', '$2y$10$lPKoil1alwH3Rv65wzKYbOi0KUPqOt1KmaRKLrxYtquD27vzwu3j2', '', '', '', '', '', '', 0, '', '2014-10-29 11:49:27', '2014-10-29 11:49:27');

/*!40101 SET CHARACTER_SET_CLIENT=@OLD_CHARACTER_SET_CLIENT */;
/*!40101 SET CHARACTER_SET_RESULTS=@OLD_CHARACTER_SET_RESULTS */;
/*!40101 SET COLLATION_CONNECTION=@OLD_COLLATION_CONNECTION */;
